sample_label,date_time,lat,long,depth,ocean_region,province,temp_median,N,ammonium_5m,nitrate_median,nitrate_5m,nitrite_median,nitrite_5m,nitrate_nitrite_median,phosphate_median,silicate_median,iron_5m,oxygen_median,salinity_median,sigma_theta_median,chlorophyll_a,poc,pic,residence_time,conductivity,par_1day_avg,par_1day_8day_median,par_1day_30day_median,season,season_period,dist_from_coast,angular_scatter,optical_backscatter,backscatter,fluorescence,optical_beam_attenuation,beam_attenuation,sunshine_duration,sea_ice_%,sea_ice_free_period,ecological_zone,Bylgja,C6N2_1062_C8_A_0.3,C6N2_1062_C8_B_0.3,Eistla,Eyrgjafa,Greip,HTVC008M,HTVC010P,HTVC011P,HTVC019P,HTVC021P,HTVC022P,HTVC023P,HTVC024P,HTVC025P,HTVC027P,HTVC028P,HTVC031P,HTVC034P,HTVC103P,HTVC104P,HTVC105P,HTVC106P,HTVC109P,HTVC111P,HTVC112P,HTVC115P,HTVC119P,HTVC120P,HTVC121P,HTVC200P,HTVC201P,HTVC202P,HTVC203P,HTVC204P,Kolga,Lederberg,Mosig,Ran,Skadi,HTVC033P,Gjalp,Aegir,Jormungand,Unn,Hroenn,Himinglaeva
100_DCM,2011-04-15T19:38,-12.9723,-96.0122,50,[SPO] South Pacific Ocean (MRGID:1910),"[SPSG] South Pacific Subtropical Gyre Province, North and South (MRGID:21486)",22.596675,NaN,0.018424854,4.229206,9.24222072,0.16,0.128016119,5.6545,0.78,1.8815,0.000003277,216.67805,35.64227,24.5284,47.9246,52.89086151,0.000295935,6,51.430264,NaN,0.570258,0.61937,autumn,early,1404.6916,0.000413,0.001199,0.002856,2.070398,0.138429,0.102186,709,0,365,TT_EPI,0,0,0,0,0,0,0,29.80267,0,0,0,0,0,0,0,0,0,0,0,0,0,0,0,0,0,0,0,0,0,0,0,0,0,0,0,0,0,0,0,0,12.061386,0,0,0,0,0,0
100_dDCM,2011-04-16T13:03:08,-12.9794,-96.0232,177,[SPO] South Pacific Ocean (MRGID:1910),"[SPSG] South Pacific Subtropical Gyre Province, North and South (MRGID:21486)",12.806365,NaN,0.018424854,20.254424,9.24222072,0.03,0.128016119,23.251,2.68,20.9015,0.000003277,3.4942,34.82775,26.3033,37.0054,51.6122818,0.000296832,6,40.67921,NaN,0.000011,0.000012,autumn,early,1406.3089,0.000265,0.000157,0.001831,3.186315,0.051836,0.016025,708,0,365,TT_MES,0,0,0,0,0,0,0,0,0,0,0,0,0,0,0,0,0,0,0,0,0,0,0,0,0,0,0,0,0,0,0,0,0,0,0,0,0,0,0,0,0,0,0,0,0,0,0
100_SRF,2011-04-15T12:45,-13.0023,-95.9759,5,[SPO] South Pacific Ocean (MRGID:1910),"[SPSG] South Pacific Subtropical Gyre Province, North and South (MRGID:21486)",25.349495,NaN,0.018424854,5.005302,9.24222072,0.14,0.128016119,6.1625,0.68,1.15025,0.000003277,201.0109,35.82876,23.86109,47.9246,51.65765953,0.00027787,6,54.561524,NaN,23.905968,25.964828,autumn,early,1404.6916,0.000381,0.000976,0.002631,1.77889,0.128254,0.092012,709,0,365,TT_EPI,0,6.018057,0,0,0,0,0,87.89843,0,0,0,0,0,0,0,0,0,0,0,11.035256,11.473775,0,0,0,0,0,0,0,0,0,0,0,0,0,0,0,0,0,0,0,0,0,0,0,0,0,0
102_DCM,2011-04-22T21:13,-5.2669,-85.2732,40,[SPO] South Pacific Ocean (MRGID:1910),[PEOD] Pacific Equatorial Divergence Province (MRGID:21489),19.781235,NaN,0.034300595,18.72477,7.140994549,1.2,0.573159586,24.3645,1.86,10.5045,0.000004398,104.9968,34.884385,24.729155,25.4127,65.70284271,0.000359394,0,47.575971,0.640251,0.59199,0.611425,autumn,middle,444.5005,0.000456,0.001499,0.003152,2.896974,0.162552,0.129877,718,0,365,TT_EPI,0,0,0,0,0,0,0,37.47688,0,0,5.231983,3.926395,0,5.553573,0,38.368504,7.381316,0,10.407995,6.097469,0,3.47055,8.042909,0,10.493124,4.190232,4.956425,0,0,0,0,0,11.653204,6.557873,0,0,0,0,0,8.251719,10.019713,0,0,8.181242,0,0,0
102_MES,2011-04-22T12:08:28,-5.261,-85.1678,480,[SPO] South Pacific Ocean (MRGID:1910),[PEOD] Pacific Equatorial Divergence Province (MRGID:21489),9.137438,NaN,0.034300595,40.112735,7.140994549,0.01,0.573159586,39.1775,2.85,40.579,0.000004398,5.148,34.692094,26.863531,44.464,85.90293503,0.000337211,0,37.197112,NaN,NaN,NaN,autumn,middle,442.8228,0.000257,0.000086,0.001776,3.478053,0.036818,0.004142,718,0,365,Outlier,0,0,0,0,0,0,0,22.327011,0,0,0,0,0,0,0,23.158062,3.286056,0,9.806673,6.897135,0,0,10.803152,0,7.050946,0,2.604414,0,0,0,0,0,10.243159,5.334845,0,0,0,0,0,0,10.917956,0,0,0,0,0,0
102_SRF,2011-04-21T20:07,-5.2529,-85.1545,5,[SPO] South Pacific Ocean (MRGID:1910),[PEOD] Pacific Equatorial Divergence Province (MRGID:21489),24.958885,NaN,0.034300595,13.010708,7.140994549,0.32,0.573159586,12.8225,1,5.04425,0.000004398,204.421,34.764535,23.176695,35.1383,85.90293503,0.000337211,0,52.714281,24.439054,24.141238,25.616254,autumn,early,805.0024,0.000406,0.001162,0.002808,2.076027,0.140985,0.10772,718,0,365,TT_EPI,0,3.449055,0,0,0,0,0,51.17628,0,0,0,0,0,0,0,34.434963,8.293874,0,21.51215,14.806586,10.631823,0,22.48081,0,13.868269,0,5.348109,0,0,0,0,0,19.62532,11.500543,0,0,0,0,0,0,18.940546,0,0,0,0,0,0
109_DCM,2011-05-12T22:15,2.0299,-84.5546,30,[NPO] North Pacific Ocean (MRGID:1908),[CHIL] Chile-Peru Current Coastal Province (MRGID:21495),26.019185,NaN,0.038657464,4.369042,3.423354744,0.11,0.411641767,4.638,0.5,3.225,0.000004994,199.8303,34.475915,22.63355,29.3943,NaN,NaN,2.083333,53.428668,NaN,NaN,NaN,spring,middle,515.6321,0.000408,0.001173,0.002817,2.048813,0.150109,0.122985,732,0,365,TT_EPI,0,4.521903,0,0,0,0,0,10.158756,0,0,0,0,0,0,0,0,3.196131,0,0,15.43302,13.431327,0,6.757225,0,0,0,10.983212,0,0,0,0,0,0,0,0,0,0,0,0,0,13.016774,0,0,0,0,0,0
109_SRF,2011-05-12T14:00,1.9928,-84.5766,5,[NPO] North Pacific Ocean (MRGID:1908),[CHIL] Chile-Peru Current Coastal Province (MRGID:21495),27.497475,NaN,0.038657464,1.673601,3.423354744,0.04,0.411641767,0.8935,0.27,1.7085,0.000004994,199.6911,33.472445,21.408655,39.5787,NaN,NaN,2.083333,53.526114,NaN,NaN,NaN,spring,middle,496.135,0.000402,0.00114,0.002774,1.900753,0.13885,0.111697,732,0,365,TT_EPI,0,2.038494,0,0,0,0,0,5.897339,0,0,0,0,0,0,0,0,2.247823,0,5.275322,7.868861,6.934227,0,5.487907,0,0,0,5.257972,0,0,0,0,0,4.137651,2.83526,0,0,0,0,0,0,13.202086,0,0,0,0,0,0
11_SRF,2009-10-04T08:30,41.6686,2.7996,9,[MS] Mediterranean Sea (MRGID:1905),"[MEDI] Mediterranean Sea, Black Sea Province (MRGID:21465)",NaN,NaN,0.009132409,NaN,0.024274436,NaN,0.031807316,NaN,NaN,NaN,0.001387775,NaN,NaN,NaN,NaN,43.02017593,0.00002,0,NaN,NaN,NaN,NaN,unknown,unknown,NaN,NaN,NaN,NaN,NaN,NaN,NaN,697,0,365,TT_EPI,0,0,1.780686,0,0,0,0,15.69755,0,0,0,0,0,0,0,0,0,0,0,0,0,0,0,0,0,0,0,0,0,0,0,0,0,3.931683,0,0,0,0,0,4.852481,10.039616,0,0,0,0,0,0
111_DCM,2011-05-31T20:28:10,-16.9587,-100.6751,90,[SPO] South Pacific Ocean (MRGID:1910),"[SPSG] South Pacific Subtropical Gyre Province, North and South (MRGID:21486)",19.783275,NaN,0.013075565,0.85366,7.843671242,0.2,0.043491448,1.2215,0.44,0.9285,0.000003007,208.54895,35.69581,25.354365,31.8491,42.42976761,0.00022155,34.305556,48.582486,0.019494,0.026184,0.023915,autumn,late,916.312,0.00032,0.000546,0.002207,2.047239,0.058143,0.036743,671,0,365,TT_EPI,0,4.01043,0,0,0,0,0,101.64677,0,0,0,0,0,0,0,0,0,0,0,0,0,0,0,0,0,0,0,0,0,0,0,0,0,0,0,0,0,0,0,0,0,0,0,0,0,0,0
111_MES,2011-06-01T16:00:59,-16.9486,-100.6715,350,[SPO] South Pacific Ocean (MRGID:1910),"[SPSG] South Pacific Subtropical Gyre Province, North and South (MRGID:21486)",10.69894,NaN,0.013075565,29.923223,7.843671242,0.01,0.043491448,NaN,2.73,NaN,0.000003007,4.7047,34.7072,26.609085,36.7242,42.42976761,0.00022155,34.305556,38.619567,NaN,NaN,NaN,autumn,late,915.2628,0.000253,0.000063,0.001746,3.306498,0.0254,0.004176,671,0,365,TT_MES,0,0,0,0,0,0,0,0,0,0,0,0,0,0,0,0,0,0,0,0,0,0,0,0,0,0,0,0,0,0,0,0,0,0,0,0,0,0,0,0,10.801713,0,0,0,0,0,0
111_SRF,2011-05-31T14:25,-16.9601,-100.6335,5,[SPO] South Pacific Ocean (MRGID:1910),"[SPSG] South Pacific Subtropical Gyre Province, North and South (MRGID:21486)",22.78183,NaN,0.013075565,3.149999,7.843671242,0.04,0.043491448,2.676,0.5,1.0325,0.000003007,209.1003,35.98269,24.742485,40.0773,43.12891006,0.000225242,34.305556,52.035722,15.111047,21.475296,20.341885,autumn,late,1067.5202,0.000368,0.000885,0.002544,1.775215,0.094739,0.073211,671,0,365,TT_EPI,0,24.71036,0,0,0,0,0,117.16541,0,0,0,0,0,0,0,0,0,0,0,18.48852,18.00551,0,0,0,0,0,0,0,0,0,0,0,0,0,0,0,0,0,0,0,10.097159,0,0,0,0,0,0
122_DCM,2011-07-28T17:15:56,-9.0063,-139.1394,115,[SPO] South Pacific Ocean (MRGID:1910),"[SPSG] South Pacific Subtropical Gyre Province, North and South (MRGID:21486)",24.661385,NaN,0.030111594,3.213808,6.207147837,0.1,0.087558472,2.67775,0.59,1.907042,0.000002316,178.3692,36.101175,24.2843,45.3044,43.59589767,0.000110317,15.833333,54.238216,0.009886,0.009956,0.009166,winter,middle,29.6602,0.000313,0.000505,0.002163,1.880646,0.053485,0.044362,702,0,365,TT_EPI,0,0,0,0,0,0,0,8.71111,0,0,0,0,0,0,0,0,0,0,0,0,0,0,0,0,0,0,0,0,0,0,0,0,0,0,0,0,0,0,0,0,0,0,0,0,0,0,0
122_MES,2011-07-27T19:28:43,-8.9729,-139.2393,600,[SPO] South Pacific Ocean (MRGID:1910),"[SPSG] South Pacific Subtropical Gyre Province, North and South (MRGID:21486)",7.133995,NaN,0.030111594,41.697487,6.207147837,0.02,0.087558472,NaN,2.43,NaN,0.000002316,40.6107,34.5789,27.07634,52.2311,42.27088737,0.000125267,15.833333,35.294536,NaN,NaN,NaN,winter,middle,33.3605,0.00026,0.000094,0.001795,3.112808,0.01275,0.003627,702,0,365,TT_MES,0,0,0,0,0,0,0,0,0,0,0,0,0,0,0,0,0,0,0,0,0,0,0,0,0,0,0,0,0,0,0,0,0,0,0,0,0,0,0,0,0,0,0,0,0,0,0
122_SRF,2011-07-26T17:10,-8.9971,-139.1963,5,[SPO] South Pacific Ocean (MRGID:1910),"[SPSG] South Pacific Subtropical Gyre Province, North and South (MRGID:21486)",26.60467,NaN,0.030111594,5.660372,6.207147837,0.12,0.087558472,5.456,0.57,2.1905,0.000002316,187.07695,35.37032,23.122935,39.197,41.59049606,0.000125815,15.833333,55.270298,28.45742,28.026826,26.526487,winter,early,4.603,0.000327,0.000605,0.002255,1.574452,0.070035,0.060791,701,0,365,TT_EPI,0,0,0,0,0,0,0,13.60554,0,0,0,0,0,0,0,0,0,0,0,0,0,0,0,0,0,0,0,0,0,0,0,0,0,0,0,0,0,0,0,0,0,0,0,0,0,0,0
123_MIX,2011-08-01T17:52:45,-8.9109,-140.2845,150,[SPO] South Pacific Ocean (MRGID:1910),"[SPSG] South Pacific Subtropical Gyre Province, North and South (MRGID:21486)",21.97372,NaN,0.02508309,5.004597,6.231764158,NaN,0.054778114,5.44175,NaN,1.18375,0.000002277,158.18405,35.877315,24.895825,34.0341,77.0915184,0.000143744,1.083333,51.121429,NaN,0.000005,0.000005,winter,middle,5.9764,0.000269,0.000202,0.001861,1.955839,0.030607,0.019922,704,0,365,TT_EPI,0,0,0,0,0,0,0,0,0,0,0,0,0,0,0,0,0,0,0,0,0,0,0,0,0,0,0,0,0,0,0,0,0,0,0,0,0,0,0,0,0,0,0,0,0,0,0
123_SRF,2011-07-31T17:20,-8.9068,-140.283,5,[SPO] South Pacific Ocean (MRGID:1910),"[SPSG] South Pacific Subtropical Gyre Province, North and South (MRGID:21486)",26.586685,NaN,0.02508309,4.805128,6.231764158,0.14,0.054778114,4.9015,0.53,2.2205,0.000002277,189.6701,35.3551,23.11712,42.7934,77.0915184,0.000143744,1.083333,55.230397,NaN,23.435565,22.861011,winter,middle,2.4728,0.000344,0.000726,0.002377,1.63837,0.109217,0.090418,703,0,365,TT_EPI,0,5.388527,0,0,0,0,0,16.419567,0,0,0,0,0,0,0,0,2.330114,0,0,0,0,0,6.309418,0,0,0,0,0,0,0,0,0,0,0,0,0,0,0,0,0,21.263683,0,0,0,0,0,0
124_MIX,2011-08-05T17:31:19,-9.0714,-140.5973,120,[SPO] South Pacific Ocean (MRGID:1910),"[SPSG] South Pacific Subtropical Gyre Province, North and South (MRGID:21486)",24.81397,NaN,0.023188621,4.148328,6.232079824,NaN,0.052577804,1.19925,NaN,1.469,0.000002459,172.42475,35.907345,24.092785,33.7078,71.37910843,0.000164031,2.777778,54.148205,0.00002,0.000047,0.000053,winter,middle,46.8174,0.000295,0.000382,0.002039,1.908626,0.049681,0.035074,705,0,365,TT_EPI,0,0,0,0,0,0,0,11.61152,0,0,0,0,0,0,0,0,0,0,0,0,0,0,0,0,0,0,0,0,0,0,0,0,0,0,0,0,0,0,0,0,0,0,0,0,0,0,0
124_SRF,2011-08-04T18:33,-9.1504,-140.5216,5,[SPO] South Pacific Ocean (MRGID:1910),"[SPSG] South Pacific Subtropical Gyre Province, North and South (MRGID:21486)",26.572419,NaN,0.023188621,4.965553,6.232079824,0.16,0.052577804,6.2015,0.63,2.53325,0.000002459,190.378187,35.384031,23.143631,40.0394,73.13096237,0.000165428,2.777778,55.255253,24.609687,23.731942,23.768135,winter,middle,36.1359,0.000375,0.000939,0.00259,1.628674,0.122752,0.108145,704,0,365,TT_EPI,0,6.117178,0,0,0,0,0,18.64283,0,0,0,0,0,0,0,0,0,0,0,0,0,0,0,0,0,0,0,0,0,0,0,0,0,0,0,0,0,0,0,0,18.037767,0,0,0,0,0,0
125_MIX,2011-08-09T17:05:33,-8.8999,-142.5461,140,[SPO] South Pacific Ocean (MRGID:1910),"[SPSG] South Pacific Subtropical Gyre Province, North and South (MRGID:21486)",23.681605,NaN,0.01748565,3.583718,6.146822453,NaN,0.02433348,3.47525,NaN,1.24575,0.000002359,160.81445,36.28145,24.715135,36.2207,55.34723282,0.0000875,0,53.440919,0.000059,0.000058,0.000058,winter,middle,230.753,0.00027,0.000202,0.001863,1.897657,0.030487,0.018793,707,0,365,TT_EPI,0,0,0,0,0,0,0,0,0,0,0,0,0,0,0,0,0,0,0,0,0,0,0,0,0,0,0,0,0,0,0,0,0,0,0,0,0,0,0,0,0,0,0,0,0,0,0
125_SRF,2011-08-08T17:33,-8.9111,-142.5571,5,[SPO] South Pacific Ocean (MRGID:1910),"[SPSG] South Pacific Subtropical Gyre Province, North and South (MRGID:21486)",26.80604,NaN,0.01748565,5.460123,6.146822453,0.19,0.02433348,3.7335,0.56,1.80475,0.000002359,187.3321,35.42651,23.10143,43.5563,55.34723282,0.0000875,0,55.562826,NaN,26.554936,26.126431,winter,middle,227.3463,0.000339,0.000687,0.002338,1.645425,0.086422,0.074869,706,0,365,TT_EPI,0,4.75854,0,0,0,0,0,19.797077,0,0,0,0,0,0,0,0,2.383922,0,0,0,0,0,0,0,0,0,0,0,0,0,0,0,0,0,0,0,0,0,0,0,0,0,0,0,0,0,0
137_DCM,2011-12-02T20:42,14.2075,-116.6468,40,[NPO] North Pacific Ocean (MRGID:1908),[PNEC] North Pacific Equatorial Countercurrent Province (MRGID:21488),20.58574,NaN,0.016200179,7.312792,3.006373823,0.31,0.02376498,6.0475,0.88,4.661,0.000004212,123.201,34.366025,24.14088,34.1609,62.97020531,0.000252071,0,47.779965,0.645405,0.618276,0.539777,autumn,late,505.4989,0.000437,0.001374,0.003021,2.394612,0.197974,0.12174,681,0,365,TT_EPI,0,0,0,0,0,0,0,30.313164,0,0,0,0,0,0,0,0,0,0,0,0,0,0,0,0,0,0,4.785806,0,0,0,0,0,0,4.038901,0,0,0,0,0,0,4.3611784,0,0,0,0,0,0
137_MES,2011-12-03T14:31:20,14.2025,-116.6433,375,[NPO] North Pacific Ocean (MRGID:1908),[PNEC] North Pacific Equatorial Countercurrent Province (MRGID:21488),8.887131,NaN,0.016200179,35.049476,3.006373823,0.01,0.02376498,34.551,2.95,46.6245,0.000004212,0.832313,34.5882,26.820475,42.9043,67.85565948,0.000261073,0,36.818008,NaN,NaN,NaN,autumn,late,508.0711,0.000256,0.000077,0.001768,3.389521,0.083167,0.006932,680,0,365,TT_MES,0,0,0,0,0,0,0,0,0,0,0,0,0,0,0,0,0,0,0,0,0,0,0,0,0,0,0,0,0,0,0,0,0,0,0,0,0,0,0,0,0,0,0,0,0,0,0
137_SRF,2011-12-02T14:12,14.2035,-116.6261,5,[NPO] North Pacific Ocean (MRGID:1908),[PNEC] North Pacific Equatorial Countercurrent Province (MRGID:21488),26.478605,NaN,0.016200179,3.740793,3.006373823,0.07,0.02376498,2.444,0.46,2.538,0.000004212,195.77195,33.84798,22.01524,25.4964,64.79541397,0.00026264,0,53.022237,22.246192,21.311101,18.605363,autumn,late,453.4002,0.000386,0.001028,0.002665,1.755806,0.175867,0.099633,681,0,365,TT_EPI,0,1.641428,0,0,0,0,0,10.070903,0,0,0,0,0,0,0,0,2.857401,0,4.293547,4.513726,3.337966,0,5.823867,0,0,0,5.971628,0,0,0,0,0,12.744094,5.27841,0,0,0,0,0,0,12.164424,0,0,0,0,0,0
138_DCM,2011-12-11T13:27:34,6.3378,-102.9538,60,[NPO] North Pacific Ocean (MRGID:1908),[PNEC] North Pacific Equatorial Countercurrent Province (MRGID:21488),17.291965,NaN,0.013172547,25.65001,2.891272922,0.83,0.020416232,12.904,1.11,8.073,0.000004689,41.52515,34.664045,25.194555,20.21,NaN,NaN,0,44.848182,NaN,NaN,NaN,autumn,late,820.0506,0.000303,0.000433,0.002088,2.388755,0.12968,0.048243,706,0,365,TT_EPI,0,0,0,0,0,0,0,15.37271,0,0,0,0,0,0,0,0,0,0,0,0,0,0,0,0,0,0,0,0,0,0,0,0,0,0,0,0,0,0,0,0,0,0,0,0,0,0,0
138_MES,2011-12-11T20:37:22,6.3559,-103.0598,450,[NPO] North Pacific Ocean (MRGID:1908),[PNEC] North Pacific Equatorial Countercurrent Province (MRGID:21488),8.149894,NaN,0.013172547,36.753654,2.891272922,0.01,0.020416232,36.219,3.16,52.9225,0.000004689,1.013313,34.608919,26.951444,16.7658,NaN,NaN,0,36.188791,NaN,NaN,NaN,autumn,late,814.9045,0.000257,0.000077,0.001773,3.439414,0.09279,0.011353,705,0,365,TT_MES,0,0,0,0,0,0,0,0,0,0,0,0,0,0,0,0,0,0,0,0,0,0,0,0,0,0,0,0,0,0,0,0,0,0,0,0,0,0,0,0,0,0,0,0,0,0,0
138_SRF,2011-12-10T14:08,6.3332,-102.9432,5,[NPO] North Pacific Ocean (MRGID:1908),[PNEC] North Pacific Equatorial Countercurrent Province (MRGID:21488),26.605515,NaN,0.013172547,0.803918,2.891272922,0,0.020416232,0.002,0.16,1.1855,0.000004689,196.2029,33.52041,21.72899,26.1396,NaN,NaN,0,52.694447,NaN,NaN,NaN,autumn,late,10.2085,0.00032,0.000574,0.002208,1.444322,0.123068,0.04169,706,0,365,TT_EPI,0,0,0,0,0,0,0,0,0,0,0,0,0,0,0,0,0,0,0,0,0,0,0,0,0,0,0,0,0,0,0,0,0,0,0,0,0,0,0,0,14.695232,0,0,0,0,0,0
155_DCM,2013-05-25T09:07:00,54.5451,-16.7943,40,[NAO] North Atlantic Ocean (MRGID:1912),[NADR] North Atlantic Drift Province (MRGID:21453),10.79018,2.2,0.007189205,7.129639,0.689068984,0.071,0.010129768,10.158,0.566253,3.554362,0.000426156,266.473125,35.335155,27.07531,61.7749,55.81192589,0.000184706,0,39.191933,1.181247,1.01065,0.808654,spring,late,416.0348,0.00032,0.000525,0.002213,1.814179,0.140078,0.08509,996,0,365,ARC,0,0,0,0,0,0,0,50.86261,0,0,0,0,0,0,0,8.88801,0,0,0,0,0,0,0,0,0,0,0,0,0,0,0,0,0,0,0,0,0,0,0,24.38426,0,0,0,0,0,0,0
155_MES,2013-05-24T13:15:00,54.5742,-16.8345,751,[NAO] North Atlantic Ocean (MRGID:1912),[NADR] North Atlantic Drift Province (MRGID:21453),8.923581,2.21,0.007189205,13.716288,0.689068984,NaN,0.010129768,NaN,NaN,NaN,0.000426156,208.76175,35.40565,27.460706,NaN,56.42062759,0.000215902,0,37.803187,NaN,NaN,NaN,spring,late,428.3281,0.00026,0.0001,0.001799,1.960961,0.05606,0.002342,994,0,365,ARC,0,0,0,0,0,0,0,32.51209,0,0,0,0,0,0,0,5.865767,0,0,0,0,0,0,0,0,0,0,0,0,0,0,0,0,0,0,0,0,0,0,0,16.891829,0,0,0,0,0,0,0
155_SRF,2013-05-24T05:36:00,54.5305,-16.9377,5,[NAO] North Atlantic Ocean (MRGID:1912),[NADR] North Atlantic Drift Province (MRGID:21453),11.09547,2.2,0.007189205,4.467439,0.689068984,0.237125,0.010129768,8.035625,0.401861,0.967928,0.000426156,271.064125,35.32522,27.01156,74.1214,51.89796257,0.000185435,0,39.460696,14.83323,22.163234,18.800471,spring,early,147.2155,0.000414,0.001175,0.002862,1.773811,0.155799,0.115711,993,0,365,Outlier,0,0,0,0,0,0,0,0,0,0,0,0,0,0,0,0,0,0,0,0,0,0,0,0,0,0,0,0,0,0,0,0,0,0,0,0,0,0,0,0,0,0,0,0,0,0,0
158_DCM,2013-06-03T15:27:00,67.161,0.3964,25,[AO] Arctic Ocean (MRGID:1906),[ARCT] Atlantic Arctic Province (MRGID:21451),6.73489,1.01,0.023701385,8.063879,5.405942082,0.309,0.03278591,11.784,0.709183,4.95809,0.000599484,304.0473,35.15072,27.572895,46.1766,113.4192886,0.000774643,0,35.186184,NaN,NaN,NaN,spring,late,520.3413,0.000341,0.000646,0.002355,1.946281,0.16469,0.120182,1440,0,365,ARC,0,0,0,0,0,0,0,8.351541,0,0,0,0,0,0,0,0,0,0,0,0,0,0,0,0,0,0,0,0,0,0,0,0,0,0,0,0,0,0,0,13.116874,0,0,0,0,0,0,0
158_MES,2013-06-04T09:05:00,67.1675,0.2177,651,[AO] Arctic Ocean (MRGID:1906),[ARCT] Atlantic Arctic Province (MRGID:21451),0.22498,0.97,0.023701385,14.950381,5.405942082,NaN,0.03278591,NaN,NaN,NaN,0.000599484,295.31095,34.90349,28.01768,39.0691,113.4192886,0.000774643,0,29.4574,NaN,NaN,NaN,spring,late,508.2194,0.000262,0.000055,0.001811,NaN,NaN,NaN,1440,0,365,ARC,0,0,0,0,0,0,0,0,0,0,0,0,0,0,0,0,0,0,0,0,0,0,0,0,0,0,0,0,0,0,0,0,0,0,0,0,0,0,0,0,0,0,0,0,0,0,0
158_SRF,2013-06-03T07:31:00,67.141,0.2355,5,[AO] Arctic Ocean (MRGID:1906),[ARCT] Atlantic Arctic Province (MRGID:21451),8.47447,0.96,0.023701385,5.218798,5.405942082,0.13475,0.03278591,5.1155,0.356899,4.012069,0.000599484,311.7827,35.145165,27.314165,45.8727,114.9631805,0.000797054,0,36.793439,11.751608,9.194201,10.832468,spring,late,428.6527,0.000529,0.001956,0.003655,1.888199,0.789967,0.745459,1440,0,365,ARC,0,0,0,0,0,0,0,6.49306,0,0,0,0,0,0,0,0,0,0,0,0,0,0,0,0,0,0,0,0,0,0,0,0,0,0,0,0,0,0,0,8.562173,0,0,0,0,0,0,0
163_MES,2013-06-10T08:38:00,76.1246,1.3648,499,[AO] Arctic Ocean (MRGID:1906),[BPLR] Boreal Polar Province (MRGID:21450),0.099535,0.35,0.014557052,13.010683,11.743258,NaN,0.018939177,NaN,NaN,NaN,0.000874157,315.37205,34.94578,28.05824,149.8624,293.1131287,0.000422177,3.277778,29.312607,NaN,NaN,NaN,spring,late,336.0165,0.000268,0.00009,0.001849,2.250862,0.049263,0.004956,1440,0,365,ARC,0,0,0,0,0,0,0,0,0,0,0,0,0,0,0,0,0,0,0,0,0,0,0,0,0,0,0,0,0,0,0,0,0,0,0,0,0,0,0,0,0,0,0,0,0,0,0
163_SRF,2013-06-09T07:39:00,76.1825,1.3918,5,[AO] Arctic Ocean (MRGID:1906),[BPLR] Boreal Polar Province (MRGID:21450),1.899612,0.33,0.014557052,4.980653,11.743258,0.101,0.018939177,2.7725,0.290483,4.18531,0.000874157,363.000813,34.888656,27.890469,109.6568,364.1092834,0.000462997,3.277778,30.602787,0.508199,0.676012,0.645578,spring,late,346.2418,0.000526,0.00189,0.003632,2.258868,0.985569,0.940457,1440,0,365,ARC,0,0,0,0,0,0,0,0,0,0,0,0,0,0,0,0,0,0,0,0,0,0,0,0,0,0,0,0,0,0,0,0,0,0,0,0,0,0,0,0,0,0,0,0,0,0,0
168_DCM,2013-07-01T12:34:00,72.5432,44.102,40,[AO] Arctic Ocean (MRGID:1906),[BPLR] Boreal Polar Province (MRGID:21450),3.824545,-1.35,0.006979311,0,0.041430494,0.063,0.001609991,0.821,0.098435,1.135333,0.000430005,326.3609,34.975345,27.784685,40.8031,119.8635941,0.000577954,1.222222,32.396189,0.195352,0.150077,0.123989,summer,early,257.048,0.000417,0.001154,0.002881,2.454789,0.248036,0.199541,1440,0,365,ARC,0,0,0,0,0,0,0,0,0,0,0,0,0,0,0,2.485406,0,0,0,0,0,0,0,0,0,0,0,0,0,0,0,0,0,0,0,0,0,0,0,5.436724,0,0,0,0,0,0,0
168_MIX,2013-07-02T04:24:00,72.5199,44.0552,10-100,[AO] Arctic Ocean (MRGID:1906),[BPLR] Boreal Polar Province (MRGID:21450),3.1072,-1.35,0.006979311,0,0.041430494,0,0.001609991,0.821,0.098435,1.459545,0.000430005,303.31905,34.978285,27.85433,46.8143,119.7740173,0.000579437,1.222222,31.76019,0.025193,0.018896,0.015611,summer,early,254.8841,0.000361,0.000757,0.002491,2.699,0.106066,0.057573,1440,0,365,ARC,0,0,0,0,0,0,0,0,0,0,0,0,0,0,0,2.640452,0,0,0,0,0,0,0,0,0,0,0,0,0,0,0,0,0,0,0,0,0,0,0,5.23835,0,0,0,0,0,0,0
168_SRF,2013-07-01T03:20:00,72.5128,44.0775,5,[AO] Arctic Ocean (MRGID:1906),[BPLR] Boreal Polar Province (MRGID:21450),7.48766,-1.34,0.006979311,0,0.041430494,0,0.001609991,0.0595,0,1.725127,0.000430005,299.0073,34.92331,27.289205,48.5056,116.7825508,0.00057966,1.222222,35.668867,22.314532,17.142824,14.162942,summer,early,230.6333,0.000592,0.002388,0.00409,2.102862,0.388555,0.340062,1440,0,365,ARC,0,0,0,0,0,0,0,0,0,0,0,0,0,0,0,2.699213,0,0,0,0,0,0,0,0,0,0,0,0,0,0,0,0,0,0,0,0,0,0,0,3.809225,0,0,0,0,0,0,0
173_DCM,2013-07-08T11:00:00,78.9354,79.0604,35,[AO] Arctic Ocean (MRGID:1906),[BPLR] Boreal Polar Province (MRGID:21450),-1.29785,-1.16,0.004081616,4.427788,6.240898371,0.026,0.020618707,1.709,0.209065,0.231772,0.001215531,348.000625,34.4561,27.72345,85.1855,81.82417297,0.000360401,4.833333,27.548608,0.635657,0.713139,0.582513,summer,early,102.636,0.000851,0.004112,0.005878,3.166069,0.521405,0.472911,1440,1.181939274,304,ARC,0,0,0,0,0,0,0,0,0,0,0,0,0,0,0,0,0,0,0,0,0,0,0,0,0,0,0,0,0,0,0,0,0,0,0,0,0,0,0,16.71909,0,0,0,0,0,0,0
173_SRF,2013-07-08T04:12:00,78.9564,79.4201,5,[AO] Arctic Ocean (MRGID:1906),[BPLR] Boreal Polar Province (MRGID:21450),-0.160312,-1.14,0.004081616,2.099614,6.240898371,0.0015,0.020618707,0.441,0.056871,0.273079,0.001215531,385.28075,33.613775,26.994413,85.1855,NaN,NaN,4.833333,27.863895,19.445208,19.215406,15.941915,summer,early,102.636,0.000502,0.001722,0.003468,2.28495,0.168573,0.120079,1440,5.30974521,304,ARC,0,0,0,0,0,0,0,0,0,0,0,0,0,0,0,0,0,0,0,0,0,0,0,0,0,0,0,0,0,0,0,0,0,0,0,0,0,0,0,0,0,0,0,0,0,0,0
175_MIX,2013-07-11T06:13:00,79.3349,66.2954,10-100,[AO] Arctic Ocean (MRGID:1906),[BPLR] Boreal Polar Province (MRGID:21450),1.025705,-1.38,0.000589373,NaN,6.750465393,0.0475,0.003293654,2.5925,0.35669,1.74362,0.00109338,314.71675,34.691775,27.839725,65.2634,117.250988,0.00067235,0,29.629266,0.001624,0.00207,0.001877,summer,early,157.537,0.000364,0.000757,0.002512,2.380822,0.117353,0.068859,1440,0,300,ARC,0,0,0,0,0,0,0,0,0,0,0,0,0,0,0,0,0,0,0,0,0,0,0,0,0,0,0,0,0,0,0,0,0,0,0,0,0,0,0,0,0,0,0,0,0,0,0
175_SRF,2013-07-10T03:58:00,79.2233,66.3435,5,[AO] Arctic Ocean (MRGID:1906),[BPLR] Boreal Polar Province (MRGID:21450),1.365705,-1.41,0.000589373,2.150477,6.750465393,0.001,0.003293654,0.3685,0.063634,0.523062,0.00109338,369.289812,34.264755,27.429195,124.7503,94.31935501,0.00045784,0,29.61163,6.700916,12.431202,11.294316,summer,early,113.2174,0.000583,0.00229,0.00403,2.134432,0.346407,0.297913,1440,0,300,ARC,0,0,0,0,0,0,0,5.855955,0,0,0,0,0,0,0,2.790101,0,0,0,0,0,0,0,0,0,0,0,0,0,0,0,0,0,0,0,0,0,0,0,6.737972,0,0,0,0,0,0,0
175_ZZZ,2013-07-10T11:00:00,79.2026,66.4827,199,[AO] Arctic Ocean (MRGID:1906),[BPLR] Boreal Polar Province (MRGID:21450),1.47689,-1.41,0.000589373,11.691602,6.750465393,0.019,0.003293654,11.508,0.730535,4.994604,0.00109338,296.228,34.8814,27.91825,33.7079,98.90457916,0.000491698,0,30.31872,NaN,NaN,NaN,summer,early,159.878,0.00029,0.000256,0.002002,2.51048,0.060602,0.012108,1440,0,300,ARC,0,0,0,0,0,0,0,0,0,0,0,0,0,0,0,0,0,0,0,0,0,0,0,0,0,0,0,0,0,0,0,0,0,0,0,0,0,0,0,0,0,0,0,0,0,0,0
178_SRF,2013-07-15T02:11:00,77.1604,73.2057,5,[AO] Arctic Ocean (MRGID:1906),[BPLR] Boreal Polar Province (MRGID:21450),1.325833,-1.8,0.003428314,NaN,5.088556846,0.008333,0.021517911,0.278,0.047034,0.244154,0.001328503,348.196667,34.142392,27.333308,62.2831,64.08536911,0.000319432,0,29.520042,16.556152,18.701116,17.99801,summer,early,96.5746,0.000355,0.000714,0.002453,2.15788,0.149633,0.101139,1440,0,295,ARC,0,0,0,0,0,0,0,0,0,0,0,0,0,0,0,0,0,0,0,0,0,0,0,0,0,0,0,0,0,0,0,0,0,0,0,0,0,0,0,0,0,0,0,0,0,0,0
18_DCM,2009-11-02T14:07,35.7528,14.2765,60,[MS] Mediterranean Sea (MRGID:1905),"[MEDI] Mediterranean Sea, Black Sea Province (MRGID:21465)",18.30575,NaN,0.009119561,NaN,0.010272223,0.025,0.030015622,0.038,0.013,0.58135,0.001387895,238.694625,37.84945,27.375,16.0651,43.87895775,0.0000924,15.222222,49.617178,0.437326,0.371328,0.334918,autumn,middle,14.2151,0.00034,0.000666,0.00235,1.375,0.052984,0.036214,641,0,365,TT_EPI,0,0,4.147557,0,0,0,0,53.991077,0,0,0,0,0,0,0,10.251813,0,0,0,0,0,0,0,0,7.723953,0,0,0,0,0,0,0,0,0,0,0,0,0,0,4.788606,0,0,0,0,0,0,0
18_SRF,2009-11-02T08:13,35.759,14.2574,5,[MS] Mediterranean Sea (MRGID:1905),"[MEDI] Mediterranean Sea, Black Sea Province (MRGID:21465)",21.48665,NaN,0.009119561,NaN,0.010272223,0.018,0.030015622,0.118,0.026,0.5571,0.001387895,208.245,37.89575,26.565263,15.9449,43.04259491,0.000089,15.222222,53.056388,19.262582,16.355627,14.751895,autumn,middle,13.8783,0.000308,0.000449,0.002126,1.091875,0.062286,0.045516,641,0,365,TT_EPI,0,0,1.482746,0,0,0,0,46.99581,0,0,0,0,0,0,0,8.143982,0,0,0,0,0,0,0,0,2.270179,0,0,0,0,0,0,0,0,6.749218,0,0,0,0,0,4.342613,0,0,0,0,0,0,0
180_DCM,2013-07-18T08:27:00,74.8283,76.2096,30,[AO] Arctic Ocean (MRGID:1906),[BPLR] Boreal Polar Province (MRGID:21450),-1.533492,-2.32,0.003474399,NaN,2.7429805,0.075667,0.01667134,2.080833,0.482771,8.877352,0.001387656,356.223917,33.646092,27.072625,17.6348,1180.789856,0.000310993,3.777778,26.769089,0.000001,0.000001,NaN,summer,early,171.3892,0.000581,0.002256,0.004017,6.974842,0.197626,0.149132,1440,0,290,ARC,0,0,0,0,0,0,0,0,0,0,0,0,0,0,0,0,0,0,0,0,0,0,0,0,0,0,0,0,0,0,0,0,0,0,0,0,0,0,0,0,0,0,0,0,0,0,0
180_SRF,2013-07-18T02:04:00,74.8023,76.1478,5,[AO] Arctic Ocean (MRGID:1906),[BPLR] Boreal Polar Province (MRGID:21450),2.507887,-2.32,0.003474399,NaN,2.7429805,0.014667,0.01667134,0.247333,0.238302,11.775524,0.001387656,357.164917,22.980169,18.339325,17.6348,1359.407349,0.000245386,3.777778,21.008132,1.086771,0.896501,0.747166,summer,early,171.3892,0.000825,0.004105,0.005696,19.191431,0.308774,0.26028,1440,0,290,ARC,0,0,0,0,0,0,0,0,0,0,0,0,0,0,0,0,0,0,0,0,0,0,0,0,0,0,0,0,0,0,0,0,0,0,0,0,0,0,0,0,0,0,0,0,0,0,0
188_DCM,2013-08-15T07:54:00,78.3555,91.6084,17,[AO] Arctic Ocean (MRGID:1906),[BPLR] Boreal Polar Province (MRGID:21450),-1.647244,-0.69,0.002257904,NaN,4.442976594,0.124,0.010750825,1.227,0.307592,0.851791,0.001304139,373.061,33.436706,26.906337,16.1385,NaN,NaN,0,26.50705,NaN,NaN,NaN,summer,middle,112.7778,0.000612,0.002469,0.004228,2.982844,0.322439,0.273945,1440,46.51916606,0,ARC,0,0,0,0,0,0,0,0,0,0,0,0,0,0,0,0,0,0,0,0,0,0,0,0,0,0,0,0,0,0,0,0,0,0,0,0,0,0,0,14.36998,0,0,0,0,0,0,0
188_SRF,2013-08-15T00:30:00,78.2518,91.8557,5,[AO] Arctic Ocean (MRGID:1906),[BPLR] Boreal Polar Province (MRGID:21450),-1.649738,-0.7,0.002257904,NaN,4.442976594,0.074,0.010750825,0.513,0.216027,0.465648,0.001304139,388.303875,32.950844,26.511331,16.1385,NaN,NaN,0,26.158029,NaN,NaN,NaN,summer,middle,112.7778,0.000593,0.002346,0.0041,2.853854,0.337956,0.289462,1440,46.51916606,0,ARC,0,0,0,0,0,0,0,0,0,0,0,0,0,0,0,0,0,0,0,0,0,0,0,0,0,0,0,0,0,0,0,0,0,0,0,0,0,0,0,12.14361,0,0,0,0,0,0,0
189_DCM,2013-08-27T11:40:00,77.9668,116.6556,20,[AO] Arctic Ocean (MRGID:1906),[BPLR] Boreal Polar Province (MRGID:21450),-0.607125,0.54,0.000620584,NaN,4.560707092,NaN,0.00842355,NaN,NaN,NaN,0.001270051,371.05845,32.726735,26.29815,28.4383,NaN,NaN,0,26.870424,NaN,NaN,NaN,summer,late,182.5206,0.000412,0.001108,0.00285,4.162668,0.241593,0.188585,1217,0,284,ARC,0,0,0,0,0,0,0,0,0,0,0,0,0,0,0,0,0,0,0,0,0,0,0,0,0,0,0,0,0,0,0,0,0,0,0,0,0,0,0,18.699,0,0,0,0,0,0,0
189_MES,2013-08-28T00:47:00,78.0391,116.4105,299,[AO] Arctic Ocean (MRGID:1906),[BPLR] Boreal Polar Province (MRGID:21450),1.59404,0.56,0.000620584,NaN,4.560707092,NaN,0.00842355,NaN,NaN,NaN,0.001270051,293.889,34.92558,27.94409,36.3938,NaN,NaN,0,30.504126,NaN,NaN,NaN,summer,late,183.955,0.000255,0.000014,0.001759,2.592579,0.052823,0.001183,1194,0,284,ARC,0,0,0,0,0,0,0,9.212133,0,0,0,0,0,0,0,0,0,0,0,0,0,0,0,0,0,0,0,0,0,0,0,0,0,0,0,0,0,0,0,9.873322,100.45271,0,0,0,0,0,0
189_SRF,2013-08-27T01:53:00,77.9028,117.1545,5,[AO] Arctic Ocean (MRGID:1906),[BPLR] Boreal Polar Province (MRGID:21450),0.10149,0.52,0.000620584,NaN,4.560707092,NaN,0.00842355,NaN,NaN,NaN,0.001270051,363.6485,28.82053,23.11621,29.3207,NaN,NaN,0,24.424061,4.251771,4.858217,6.154569,summer,middle,47.9959,0.000442,0.00135,0.00305,5.496034,0.213073,0.160065,1212,0,285,ARC,0,0,0,0,0,0,0,0,0,0,0,0,0,0,0,0,0,0,0,0,0,0,0,0,0,0,0,0,0,0,0,0,0,0,0,0,0,0,0,18.63012,20.973673,0,0,0,0,0,0
191_SRF,2013-09-02T22:37:00,71.5955,160.9383,5,[AO] Arctic Ocean (MRGID:1906),[BPLR] Boreal Polar Province (MRGID:21450),1.48885,-6.08,0.000260443,NaN,7.268763781,0.07525,0.008790679,1.06325,1.195806,19.646147,0.001360622,340.44375,28.41685,22.7306,NaN,NaN,NaN,2.777778,25.105613,NaN,NaN,NaN,unknown,unknown,NaN,0.020334,0.138858,0.140534,6.44771,5.4281,5.376295,936,0,284,ARC,0,0,0,0,0,0,0,0,0,0,0,0,0,0,0,0,0,0,0,0,0,0,0,0,0,0,0,0,0,0,0,0,0,0,0,0,0,0,0,0,0,0,0,0,0,0,0
193_SRF,2013-09-08T02:45:00,71.0704,174.9916,5,[AO] Arctic Ocean (MRGID:1906),[BPLR] Boreal Polar Province (MRGID:21450),2.4534,-6.92,0.006029853,0,14.03496305,0.125,0.095924451,6.2695,1.614977,30.149509,0.000702537,339.4475,29.0291,23.1614,15.1918,132.8198166,0.000704177,0,26.317622,4.166652,6.270268,5.436314,summer,late,106.53,0.000664,0.00291,0.004585,2.524221,0.286959,0.235155,873,0,289,ARC,0,0,0,0,0,0,0,0,0,0,0,0,0,0,0,0,0,0,0,0,0,0,0,0,0,0,0,0,0,0,0,0,0,0,0,0,0,0,0,16.71143,0,0,0,0,0,0,0
194_DCM,2013-09-12T03:59:00,73.3275,-168.8142,35,[AO] Arctic Ocean (MRGID:1906),[BPLR] Boreal Polar Province (MRGID:21450),-0.987833,-8.22,0.002943427,0,12.09370343,0.441,0.086454551,1.9045,0.866194,5.566842,0.000713809,396.848083,31.56495,25.370225,23.5982,NaN,NaN,0,25.627474,NaN,NaN,NaN,summer,late,394.524,0.000491,0.001657,0.003393,3.843304,0.162656,0.110852,853,0,287,ARC,0,0,0,0,0,0,0,0,0,0,0,0,0,0,0,0,0,0,0,0,0,0,0,0,0,0,0,0,0,0,0,0,0,0,0,0,0,0,0,17.15118,0,0,0,0,0,0,0
194_SRF,2013-09-11T20:00:00,73.3833,-168.1333,5,[AO] Arctic Ocean (MRGID:1906),[BPLR] Boreal Polar Province (MRGID:21450),-0.585333,-8.11,0.002943427,0,12.09370343,0.126,0.086454551,0.2285,0.361653,1.424261,0.000713809,368.662625,27.442,22.016175,13.8046,NaN,NaN,0,23.023237,NaN,NaN,NaN,summer,late,130.4511,0.000409,0.001143,0.002825,2.417638,0.170953,0.119149,864,0,289,ARC,0,0,0,0,0,0,0,0,0,0,0,0,0,0,0,0,0,0,0,0,0,0,0,0,0,0,0,0,0,0,0,0,0,0,0,0,0,0,0,16.50356,0,0,0,0,0,0,0
196_SRF,2013-09-14T17:30:00,71.8895,-154.9101,5,[AO] Arctic Ocean (MRGID:1906),[BPLR] Boreal Polar Province (MRGID:21450),2.5694,-8.72,0.0284539,1.604622,3.979379679,0.0865,0.258621321,0.4235,0.430504,2.822912,0.000241071,336.04075,28.60925,22.8182,24.1722,NaN,NaN,0,26.056278,NaN,NaN,NaN,summer,late,145.0122,0.00234,0.014501,0.016171,4.533623,0.758519,0.706714,822,0,300.5,ARC,0,0,0,0,0,0,0,0,0,0,0,0,0,0,0,0,0,0,0,0,0,0,0,0,0,0,0,0,0,0,0,0,0,0,0,0,0,0,0,20.2038,0,0,0,0,0,0,0
201_MES,2013-09-29T16:37:00,74.305,-85.6552,441,[AO] Arctic Ocean (MRGID:1906),[BPLR] Boreal Polar Province (MRGID:21450),0.994025,-6.19,0.000747411,10.238791,6.634556611,NaN,0.010224308,NaN,NaN,NaN,0.000958759,233.314,34.342505,27.51832,49.4242,NaN,NaN,0,29.589181,NaN,NaN,NaN,autumn,early,21.643,0.000276,0.000163,0.001907,NaN,0.070992,-0.01248,668,0.512138506,278,ARC,0,0,0,0,0,0,0,0,0,0,0,0,0,0,0,0,0,0,0,0,0,0,0,0,0,0,0,0,0,0,0,0,0,0,0,0,0,0,0,0,0,0,0,0,0,0,0
205_MES,2013-10-08T18:24:00,72.4456,-71.8814,491,[AO] Arctic Ocean (MRGID:1906),[BPLR] Boreal Polar Province (MRGID:21450),1.230869,-4.65,0.018947516,22.810319,1.684819688,NaN,0.152390116,NaN,NaN,NaN,0.000596423,227.316,34.378169,27.531506,69.2259,NaN,NaN,0,29.841799,NaN,NaN,NaN,autumn,early,91.7069,0.000263,0.000071,0.001814,3.58539,0.065891,0.005183,585,0,296,ARC,0,0,0,0,0,0,0,0,0,0,0,0,0,0,0,0,0,0,0,0,0,0,0,0,0,0,0,0,0,0,0,0,0,0,0,0,0,0,0,7.076014,0,0,0,0,0,0,0
205_SRF,2013-10-08T12:15:00,72.4693,-71.892,5,[AO] Arctic Ocean (MRGID:1906),[BPLR] Boreal Polar Province (MRGID:21450),-0.479225,-4.64,0.018947516,3.880872,1.684819688,0.0895,0.152390116,0.411,0.560568,0.298067,0.000596423,353.1935,31.99537,25.7008,15.8867,NaN,NaN,0,26.388049,NaN,NaN,NaN,autumn,early,9.7492,0.000483,0.001603,0.003335,3.112706,0.242497,0.181788,584,0,296,ARC,0,0,0,0,0,0,0,0,0,0,0,0,0,0,0,0,0,0,0,0,0,0,0,0,0,0,0,0,0,0,0,0,0,0,0,0,0,0,0,0,0,0,0,0,0,0,0
206_MES,2013-10-12T18:02:00,70.9433,-53.5127,411,[AO] Arctic Ocean (MRGID:1906),[BPLR] Boreal Polar Province (MRGID:21450),3.03554,-1.71,0.022793755,13.409788,0.170150639,NaN,0.19323191,NaN,NaN,NaN,0.000494336,230.0861,34.50669,27.488995,38.3162,NaN,NaN,0,31.477466,NaN,NaN,NaN,autumn,early,7.5708,0.000304,0.000368,0.002097,3.097493,0.075079,0.01437,560,0.251729518,356,ARC,0,0,0,0,0,0,0,0,0,0,0,0,0,0,0,0,0,0,0,0,0,0,0,0,0,0,0,0,0,0,0,0,0,0,0,0,0,0,0,3.576045,0,0,0,0,0,0,0
206_SRF,2013-10-12T11:09:00,70.9574,-53.5989,5,[AO] Arctic Ocean (MRGID:1906),[BPLR] Boreal Polar Province (MRGID:21450),1.445315,-1.7,0.022793755,3.615087,0.170150639,0.128,0.19323191,1.24175,0.220883,1.04231,0.000494336,328.54665,32.08329,25.673125,37.4641,NaN,NaN,0,27.997549,NaN,NaN,NaN,autumn,early,7.7687,0.000593,0.002381,0.004098,2.515363,0.25179,0.191082,560,0.251729518,356,ARC,0,0,0,0,0,0,0,0,0,0,0,0,0,0,0,0,0,0,0,0,0,0,0,0,0,0,0,0,0,0,0,0,0,0,4.44063,0,0,0,0,6.476512,0,0,0,0,0,0,0
208_SRF,2013-10-20T10:34:00,69.1136,-51.5086,5,[AO] Arctic Ocean (MRGID:1906),[BPLR] Boreal Polar Province (MRGID:21450),3.1965,-1.77,0.020453628,1.791002,0.480761975,0.1665,0.259672788,1.916,0.312072,0.819597,0.000453137,303.326,32.99175,26.265,30.485,NaN,NaN,0,30.183032,NaN,NaN,NaN,autumn,early,16.3515,0.000431,0.001266,0.002978,2.6962,0.121422,0.060714,508,0,347,ARC,0,0,0,0,0,0,0,0,0,0,0,0,0,0,0,0,0,0,0,0,0,0,0,0,0,0,0,0,0,0,0,0,0,0,0,0,0,0,0,10.14364,0,0,0,0,0,0,0
209_MES,2013-10-23T17:36:00,64.7,-52.996,351,[AO] Arctic Ocean (MRGID:1906),[BPLR] Boreal Polar Province (MRGID:21450),4.20173,-0.4,0.029433576,10.622333,0.505696426,NaN,0.29848822,NaN,NaN,NaN,0.000488831,273.02835,34.59923,27.448865,45.1248,NaN,NaN,5.666667,32.557611,NaN,NaN,NaN,autumn,middle,39.2126,0.000429,0.001245,0.002966,2.548801,0.113745,0.053037,531,0,365,ARC,0,0,0,0,0,0,0,0,0,0,0,0,0,0,0,0,0,0,0,0,0,0,0,0,0,0,0,0,0,0,0,0,0,0,0,0,0,0,0,9.317076,0,0,0,0,0,0,0
209_SRF,2013-10-23T10:25:00,64.7127,-53.0106,5,[AO] Arctic Ocean (MRGID:1906),[BPLR] Boreal Polar Province (MRGID:21450),2.496125,-0.39,0.029433576,6.131005,0.505696426,NaN,0.29848822,NaN,NaN,NaN,0.000488831,323.901563,32.603119,26.011175,14.5225,NaN,NaN,5.666667,29.303726,1.224595,2.545128,2.727911,autumn,early,15.6846,0.000504,0.00177,0.003484,2.723684,0.23089,0.170181,531,0,365,ARC,0,0,0,0,0,0,0,0,0,0,0,0,0,0,0,0,0,0,0,0,0,0,0,0,0,0,0,0,0,0,0,0,0,0,0,0,0,0,0,9.734189,0,0,0,0,0,0,0
210_MES,2013-10-27T16:30:00,61.5754,-55.9846,391,[AO] Arctic Ocean (MRGID:1906),[BPLR] Boreal Polar Province (MRGID:21450),4.791395,-0.5,0.035179306,16.017641,2.06166782,0.134,0.348001957,9.908,0.851461,4.07817,0.000208521,271.8744,34.939595,27.65512,37.6205,NaN,NaN,0,33.394704,NaN,NaN,NaN,autumn,middle,308.7184,0.00027,0.000142,0.001863,2.284852,0.062254,0.005315,534,0,365,ARC,0,0,0,0,0,0,0,0,0,0,0,0,0,0,0,0,0,0,0,0,0,0,0,0,0,0,0,0,0,0,0,0,0,0,0,0,0,0,0,0,0,0,0,0,0,0,0
210_SRF,2013-10-27T10:16:00,61.5427,-55.9869,5,[AO] Arctic Ocean (MRGID:1906),[BPLR] Boreal Polar Province (MRGID:21450),5.295265,-0.48,0.035179306,8.286479,2.06166782,0.31575,0.348001957,5.8035,0.511975,2.252584,0.000208521,293.84675,34.212769,27.017281,45.5689,NaN,NaN,0,33.036724,1.704362,1.761859,2.580691,autumn,middle,41.4855,0.000429,0.001252,0.002962,2.274721,0.176337,0.119398,535,0,365,ARC,0,0,0,0,0,0,0,0,0,0,0,0,0,0,0,0,0,0,0,0,0,0,0,0,0,0,0,0,0,0,0,0,0,0,0,0,0,0,0,9.426288,0,0,0,0,0,0,0
22_SRF,2009-11-16T08:16,39.8386,17.4155,5,[MS] Mediterranean Sea (MRGID:1905),"[MEDI] Mediterranean Sea, Black Sea Province (MRGID:21465)",17.298758,NaN,0.001792418,NaN,0.063348597,0.07,0.026501298,0.23125,0.02,1.9913,0.001388038,221.54775,37.839767,27.623392,15.3656,79.81475067,0.000316626,0,48.452198,9.740976,9.902814,7.776924,autumn,middle,51.2518,0.000596,0.002433,0.004119,1.704583,0.16813,0.140201,597,0,365,TT_EPI,0,0,11.242913,0,0,0,1.829991,42.116188,0,0,0,0,0,0,0,11.073906,0,0,0,0,0,0,0,0,0,0,0,0,0,0,0,0,9.04257,21.05586,0,0,0,0,0,12.341919,14.711545,0,0,0,0,0,0
23_DCM,2009-11-18T13:50,42.1735,17.7252,55,[MS] Mediterranean Sea (MRGID:1905),"[MEDI] Mediterranean Sea, Black Sea Province (MRGID:21465)",15.180558,NaN,0.001431253,NaN,0.077471482,0.01,0.027064617,0.05,0.01,1.0505,0.001387878,224.264417,38.47375,28.613475,18.4584,NaN,NaN,3.583333,46.915236,0.054743,0.042189,0.041205,autumn,middle,57.9209,0.00037,0.000861,0.002559,1.786458,0.063264,0.035334,582,0,365,TT_EPI,0,0,45.538452,0,0,0,4.183919,39.61747,0,0,3.027191,0,0,0,0,8.67372,0,0,0,0,0,0,0,8.520873,6.9347,0,0,0,0,0,0,0,0,9.967295,0,4.630294,0,0,0,13.989281,30.718683,0,2.5787668,0,0,0,0
25_DCM,2009-11-23T13:52,39.3991,19.3997,50,[MS] Mediterranean Sea (MRGID:1905),"[MEDI] Mediterranean Sea, Black Sea Province (MRGID:21465)",15.181967,NaN,0.002326648,NaN,0.048666991,0.07,0.028696594,0.3595,0.07,1.354,0.001387952,229.908917,38.489083,28.626442,14.0094,72.95928574,0.000136453,0,46.930593,0.04793,0.10434,0.102993,autumn,late,38.5477,0.000327,0.000561,0.00226,1.845,0.059185,0.044578,587,0,365,TT_EPI,0,0,23.330837,0,0,0,1.475971,42.271267,0,0,0,0,0,0,0,9.856289,0,0,0,0,0,0,0,0,0,0,0,0,0,0,0,0,0,5.311147,0,0,0,0,0,7.947569,17.87473,0,0,0,0,0,0
25_SRF,2009-11-23T09:12,39.3888,19.3905,5,[MS] Mediterranean Sea (MRGID:1905),"[MEDI] Mediterranean Sea, Black Sea Province (MRGID:21465)",18.319192,NaN,0.002326648,NaN,0.048666991,0,0.028696594,0.03525,0.01,1.0505,0.001387952,217.809833,38.185333,27.633617,13.5684,66.73049164,0.0000916,0,49.946974,4.662947,10.150782,10.019695,autumn,late,39.754,0.000347,0.000711,0.002397,1.465,0.086187,0.07158,587,0,365,TT_EPI,0,0,7.626487,0,0,0,1.633709,26.028719,0,0,0,0,0,0,0,16.122028,0,0,0,0,0,0,0,0,0,0,0,0,0,0,0,0,0,13.374896,0,0,0,0,0,5.473485,22.108328,0,0,0,0,0,0
30_DCM,2009-12-15T15:23:37,33.9235,32.8118,70,[MS] Mediterranean Sea (MRGID:1905),"[MEDI] Mediterranean Sea, Black Sea Province (MRGID:21465)",18.61621,NaN,0.003270233,0.078824,0.054155687,0.01,0.034886073,NaN,0,0.6655,0.001388157,218.75115,39.23456,28.36135,13.8349,45.09284973,0.000191009,2.777778,51.524822,0.152948,0.109544,0.127021,autumn,late,73.8658,0.000336,0.000624,0.002319,1.34975,0.052771,0.044058,595,0,365,TT_EPI,0,0,4.826442,0,0,0,0,44.58085,0,0,0,0,0,0,0,0,0,0,0,0,0,0,0,0,0,0,0,0,0,0,0,0,0,7.425423,0,0,0,0,0,0,83.80659,0,0,0,0,0,0
31_SRF,2010-01-09T07:15,27.16,34.835,5,[RS] Red Sea (MRGID:4264),"[REDS] Red Sea, Persian Gulf Province (MRGID:21474)",25.0281,NaN,0.011221905,0,0.284178823,0.014,0.040771591,0.036,0.024,0.8825,0.001387113,189.91675,39.96035,27.086225,18.4528,42.8037014,0.0000823,1.194444,59.715263,20.015134,18.92826,19.825427,winter,early,71.862,0.000362,0.000808,0.002498,1.054375,0.056839,0.04654,632,0,365,TT_EPI,0,0,0,0,0,0,0,0,0,0,0,0,0,0,0,0,0,0,6.018193,0,0,0,2.756349,0,0,0,0,0,0,0,0,0,0,0,0,0,0,0,0,0,11.781853,0,0,0,0,0,0
32_DCM,2010-01-11T14:17,23.4183,37.245,80,[RS] Red Sea (MRGID:4264),"[REDS] Red Sea, Persian Gulf Province (MRGID:21474)",26.12925,NaN,0.020147547,0.47262,0.00528441,0.01,0.010496082,NaN,0.025,0.85,0.001387787,181.501,40.187042,26.917092,12.1137,47.78584671,0.000167967,0,61.353928,0.073201,0.072673,0.074,winter,early,80.7753,0.00038,0.000934,0.002626,1.2725,0.060484,0.051861,648,0,365,TT_EPI,0,0,0,0,0,0,0,0,0,0,0,0,0,0,0,0,0,0,0,0,0,0,0,0,0,0,0,0,0,0,0,0,0,0,0,0,0,0,0,0,0,0,0,0,0,0,0
32_SRF,2010-01-11T07:21,23.36,37.2183,5,[RS] Red Sea (MRGID:4264),"[REDS] Red Sea, Persian Gulf Province (MRGID:21474)",25.811708,NaN,0.020147547,0.279747,0.00528441,0.014,0.010496082,0,0.018,0.8775,0.001387787,188.341917,39.7709,26.698217,15.588,46.90872192,0.000162701,0,60.383532,21.787103,21.629979,22.025048,winter,early,88.3462,0.000368,0.000851,0.002539,1.11375,0.053638,0.045014,649,0,365,TT_EPI,0,4.561864,0,0,0,0,0,0,0,0,0,0,0,0,0,0,0,0,7.370161,0,0,0,0,0,0,0,3.329228,0,0,0,0,0,0,0,0,0,0,0,0,0,24.60603,0,0,0,0,0,0
33_SRF,2010-01-13T07:16,21.9467,38.2517,5,[RS] Red Sea (MRGID:4264),"[REDS] Red Sea, Persian Gulf Province (MRGID:21474)",27.3097,NaN,0.01949049,0.253501,0.006859351,0,0.006877633,0.006,0.053,1.12025,0.001387791,183.589125,38.9435,25.59125,17.3849,63.10803223,0.000125009,0,61.002062,14.642101,18.29866,18.778178,winter,early,61.5397,0.000367,0.000851,0.002533,1.2825,0.085863,0.07724,655,0,365,TT_EPI,0,2.739276,0,0,0,0,0,0,0,0,0,0,0,0,0,0,0,0,7.824394,0,0,0,4.884682,0,0,0,4.825824,0,0,0,0,0,13.278386,0,0,0,0,0,0,0,13.493482,0,0,0,0,0,0
34_DCM,2010-01-20T11:50,18.4417,39.8567,60,[RS] Red Sea (MRGID:4264),"[REDS] Red Sea, Persian Gulf Province (MRGID:21474)",27.558763,NaN,0.015265826,0,0.004693778,0.27,0.004066339,0.635,0.09,1.3525,0.001387755,175.509,38.895025,25.47435,15.5123,NaN,NaN,9.972222,61.240679,0.011577,0.071915,0.079234,winter,early,74.2982,0.000325,0.000569,0.00225,1.42,0.046166,0.037942,672,0,365,TT_EPI,0,0,0,0,0,0,0,0,0,0,0,0,0,0,0,0,0,0,0,0,0,0,0,0,0,0,0,0,0,0,0,0,0,0,0,0,0,0,0,0,14.265971,0,0,0,0,0,0
34_SRF,2010-01-20T04:27,18.3967,39.875,5,[RS] Red Sea (MRGID:4264),"[REDS] Red Sea, Persian Gulf Province (MRGID:21474)",27.635025,NaN,0.015265826,0,0.004693778,0.02,0.004066339,0.029,0.19,2.6405,0.001387755,183.84625,38.64,25.2559,16.8349,NaN,NaN,9.972222,60.95672,2.864579,17.794951,19.606008,winter,early,73.7963,0.000367,0.000851,0.00253,1.35125,0.068212,0.059988,672,0,365,TT_EPI,0,0,0,0,0,0,0,0,0,0,0,0,0,0,0,0,0,0,4.03604,0,0,0,3.91681,0,0,0,0,0,0,0,0,0,3.23689,0,0,0,0,0,0,0,12.67384,0,0,0,0,0,0
36_DCM,2010-03-12T12:23,20.8222,63.5133,17,[IO] Indian Ocean (MRGID:1904),[ARAB] Northwest Arabian Sea Upwelling Province (MRGID:21475),25.329231,NaN,0.028902045,1.457658,0.002674747,0.51,0.006235578,1.115,0.51,1.4395,0.001387736,206.568833,36.535819,24.403813,23.0626,224.6708984,0.000415422,0,55.50131,2.527903,2.344314,2.393424,winter,late,416.3323,0.000533,0.00202,0.003682,1.606875,0.171298,0.164415,717,0,365,TT_EPI,0,2.702771,0,0,0,0,0,0,0,0,0,0,0,0,0,0,0,0,3.509317,0,0,0,4.104901,0,0,0,6.801414,0,0,0,0,0,0,3.090131,0,0,0,0,0,0,18.026663,0,0,0,0,0,0
36_SRF,2010-03-12T06:06,20.8183,63.5047,5,[IO] Indian Ocean (MRGID:1904),[ARAB] Northwest Arabian Sea Upwelling Province (MRGID:21475),25.681369,NaN,0.028902045,1.545287,0.002674747,0.05,0.006235578,0.1415,0.37,1.143,0.001387736,209.807083,36.525962,24.284594,17.3041,224.6708984,0.000415422,0,55.862371,17.265706,16.011789,16.347212,winter,late,415.5842,0.000534,0.00203,0.003691,1.374375,0.17013,0.163247,717,0,365,TT_EPI,0,0,0,0,0,0,0,0,0,0,0,0,0,0,0,0,0,0,2.187536,2.267551,0,0,0,0,0,0,2.460724,0,0,0,0,0,0,0,0,0,0,0,0,0,0,0,0,0,0,0,0
37_MES,2010-03-12T17:08:47,20.8457,63.5851,600,[IO] Indian Ocean (MRGID:1904),[ARAB] Northwest Arabian Sea Upwelling Province (MRGID:21475),11.984006,NaN,0.028889008,31.290804,0.000920977,0.07,0.005607758,NaN,2.91,NaN,0.001387737,2.81625,35.672725,27.130513,4.457,233.2970734,0.000445341,0,40.942001,NaN,NaN,NaN,winter,late,422.5596,0.000271,0.000185,0.00187,2.6925,0.014807,0.009033,717,0,365,TT_MES,0,0,0,0,0,0,0,0,0,0,0,0,0,0,0,0,0,0,0,0,0,0,0,0,0,0,0,0,0,0,0,0,0,0,0,0,0,0,0,0,0,0,0,0,0,0,0
38_DCM,2010-03-15T11:18,19.0284,64.5126,25,[IO] Indian Ocean (MRGID:1904),[MONS] Indian Monsoon Gyres Province (MRGID:21471),25.607735,NaN,0.030032598,0.672791,0.001138785,0.7,0.004277769,1.858,0.42,1.625,0.001387726,189.0233,36.549506,24.3126,25.3921,116.9999161,0.000244287,0,55.851031,1.879871,1.838161,1.848522,winter,late,575.1294,0.000532,0.002011,0.003672,1.61475,0.116339,0.113566,721,0,365,TT_EPI,0,0,0,0,0,0,0,4.918607,0,0,0,0,0,0,0,0,0,0,10.061788,5.924072,5.674189,0,6.446266,0,0,0,10.75349,0,0,0,0,0,5.090509,0,0,0,0,0,0,0,26.853378,0,0,0,0,0,0
38_MES,2010-03-16T06:13:30,19.0351,64.5638,340,[IO] Indian Ocean (MRGID:1904),[MONS] Indian Monsoon Gyres Province (MRGID:21471),14.901445,NaN,0.030032598,22.18992,0.001138785,0.69,0.004277769,23.43,2.64,38.94,0.001387726,2.9502,36.014205,26.787485,19.3668,96.30652618,0.00021777,0,44.081967,NaN,NaN,NaN,winter,late,579.3061,0.000336,0.000648,0.002325,2.791,0.027934,0.022408,722,0,365,TT_MES,0,0,0,0,0,0,0,0,0,0,0,0,0,0,0,0,0,0,0,0,0,0,0,0,0,0,0,0,0,0,0,0,0,0,0,0,0,0,0,0,0,0,0,0,0,0,0
38_SRF,2010-03-15T03:35,19.0393,64.4913,5,[IO] Indian Ocean (MRGID:1904),[MONS] Indian Monsoon Gyres Province (MRGID:21471),26.313595,NaN,0.030032598,0.632675,0.001138785,0.01,0.004277769,0.4195,0.32,1.278,0.001387726,187.7395,36.618044,24.148331,20.3622,116.9999161,0.000244287,0,56.702698,23.003181,22.492794,22.619571,winter,late,584.8344,0.000442,0.001391,0.003053,1.331,0.09532,0.092547,721,0,365,TT_EPI,0,0,0,0,0,0,0,5.091467,0,0,0,0,0,0,0,0,0,0,9.67995,11.961532,10.930435,0,7.245916,0,0,0,14.130988,0,0,0,0,0,7.959889,4.308368,0,0,0,0,0,0,22.212353,0,0,0,0,0,0
39_DCM,2010-03-18T11:33,18.5839,66.4727,25,[IO] Indian Ocean (MRGID:1904),[MONS] Indian Monsoon Gyres Province (MRGID:21471),26.692435,NaN,0.0255102,0,0.003323513,0.02,0.004728645,0.0675,0.26,1.2415,0.00138772,187.47615,36.40162,23.87718,29.1818,81.80855179,0.000228897,2.25,56.781133,4.100441,3.788741,3.979407,winter,late,468.2075,0.000408,0.001161,0.002821,1.43775,0.109235,0.105347,724,0,365,TT_EPI,0,4.150815,0,0,0,0,0,4.887105,0,0,0,0,5.267711,0,0,0,2.821713,0,8.899181,8.269548,10.230646,0,10.832473,0,0,0,9.629637,0,0,0,0,0,6.871424,5.834909,0,0,0,0,0,0,31.972351,0,0,0,0,0,0
39_MES,2010-03-20T08:15:28,18.7341,66.3896,270,[IO] Indian Ocean (MRGID:1904),[MONS] Indian Monsoon Gyres Province (MRGID:21471),15.553795,NaN,0.0255102,18.560166,0.003323513,2.07,0.004728645,21.22,2.64,38.62,0.00138772,3.12405,35.907681,26.565675,30.1842,80.98583221,0.000207011,2.25,44.566522,NaN,NaN,NaN,spring,early,462.0824,0.000378,0.000935,0.002609,2.75675,0.033413,0.028639,726,0,365,TT_MES,0,0,0,0,0,0,0,0,0,0,0,0,0,0,0,0,0,0,0,0,0,0,0,0,0,0,0,0,0,0,0,0,0,0,0,0,0,0,0,0,0,0,0,0,0,0,0
39_SRF,2010-03-18T04:27,18.5918,66.622,5,[IO] Indian Ocean (MRGID:1904),[MONS] Indian Monsoon Gyres Province (MRGID:21471),27.089113,NaN,0.0255102,0,0.003323513,0.01,0.004728645,0.0425,0.23,1.515,0.00138772,193.065313,36.310588,23.677262,19.6168,84.67464066,0.00023667,2.25,57.099474,26.627413,24.686569,25.819957,winter,late,464.6231,0.000383,0.000986,0.002645,1.188594,0.098268,0.094603,724,0,365,TT_EPI,0,4.434126,0,0,0,0,0,4.845209,0,0,0,0,6.695404,0,0,0,3.0971,0,8.078722,10.174551,12.148886,0,14.765015,0,0,0,12.000976,0,0,0,0,0,8.109768,5.663973,0,0,0,0,0,0,27.486301,0,0,0,0,0,0
41_DCM,2010-03-30T10:56,14.5536,70.0128,60,[IO] Indian Ocean (MRGID:1904),[MONS] Indian Monsoon Gyres Province (MRGID:21471),27.374181,NaN,0.020277846,0,0.004698874,0.07,0.004047238,7.847,0.34,3.5765,0.001387699,164.440063,36.503531,23.734719,20.922,43.73920631,0.0000907,19.027778,57.705,0.606707,0.613843,0.577686,spring,early,245.2806,0.000336,0.000662,0.002323,1.377813,0.050965,0.046491,735,0,365,TT_EPI,0,0,0,0,0,0,0,0,0,0,0,0,0,0,0,0,0,0,0,0,0,0,0,0,0,0,0,0,0,0,0,0,0,0,0,0,0,0,0,0,20.87555,0,0,0,0,0,0
41_SRF,2010-03-30T02:47,14.6059,69.9776,5,[IO] Indian Ocean (MRGID:1904),[MONS] Indian Monsoon Gyres Province (MRGID:21471),29.151544,NaN,0.020277846,0,0.004698874,0,0.004047238,0.057,0.14,1.3865,0.001387699,187.306625,36.0499,22.799819,11.3189,47.64060783,0.000157328,19.027778,58.978093,34.540752,34.947027,32.888595,spring,early,249.7827,0.000329,0.000612,0.002269,0.965625,0.039295,0.03482,735,0,365,TT_EPI,0,0,0,0,0,0,0,0,0,0,0,0,4.677565,0,0,0,0,0,0,0,0,0,0,0,0,0,0,0,0,0,0,0,0,0,0,0,0,0,0,0,20.550396,0,0,0,0,0,0
42_DCM,2010-04-04T09:50,5.9998,73.9067,80,[IO] Indian Ocean (MRGID:1904),[MONS] Indian Monsoon Gyres Province (MRGID:21471),27.9561,NaN,0.015891551,0,0.004952658,0.15,0.010871042,0.741,0.34,2.7335,0.001387698,137.998083,35.044342,22.474092,18.4882,28.92443657,NaN,8,56.296954,NaN,0.250837,0.233593,spring,early,52.5093,0.000335,0.000664,0.002313,1.42,0.045335,0.053816,731,0,365,TT_EPI,0,0,0,0,0,0,0,0,0,0,0,0,0,0,0,0,0,0,0,0,0,0,0,0,0,0,0,0,0,0,0,0,0,0,0,0,0,0,0,0,11.27038,0,0,0,0,0,0
42_SRF,2010-04-04T02:47,6.0001,73.8955,5,[IO] Indian Ocean (MRGID:1904),[MONS] Indian Monsoon Gyres Province (MRGID:21471),30.12785,NaN,0.015891551,0,0.004952658,0,0.010871042,0.022,0.08,2.171,0.001387698,188.79575,34.56775,21.358942,13.9222,NaN,NaN,8,57.855209,NaN,36.272991,33.779381,spring,early,52.8424,0.000312,0.000506,0.002151,0.966875,0.02689,0.035372,731,0,365,TT_EPI,0,0,0,0,0,0,0,0,0,0,0,0,0,0,0,0,0,0,2.983475,0,0,0,3.663496,0,0,0,0,0,0,0,0,0,0,0,0,0,0,0,0,0,23.712952,0,0,0,0,0,0
45_SRF,2010-04-13T03:21,0.0033,71.6428,5,[IO] Indian Ocean (MRGID:1904),[MONS] Indian Monsoon Gyres Province (MRGID:21471),30.59345,NaN,0.016592899,1.826529,0.005533795,0.02,0.007288604,NaN,1.94,NaN,0.001320691,186.0215,35.0481,21.558975,14.558,37.24840927,0.000184778,0,59.065736,NaN,37.711128,36.234182,spring,early,153.5512,0.000309,0.000487,0.002136,0.915,0.022849,0.029917,727,0,365,TT_EPI,0,0,0,0,0,0,0,0,0,0,0,0,0,0,0,0,0,0,0,0,0,0,0,0,0,0,0,0,0,0,0,0,0,0,0,0,0,0,0,0,22.571138,0,0,0,0,0,0
46_SRF,2010-04-15T02:01,-0.6625,73.161,5,[IO] Indian Ocean (MRGID:1904),[MONS] Indian Monsoon Gyres Province (MRGID:21471),30.12475,NaN,0.016438504,0.436989,0.00839148,0,0.009120126,0.047,0.1,1.947,0.001279924,185.755,35.1113,21.76745,12.9179,50.64792252,0.000243189,3.5,58.657399,34.954927,31.275839,31.731986,autumn,early,1.3428,0.000527,0.001992,0.003641,0.93875,0.084946,0.097604,726,0,365,TT_EPI,0,0,0,0,0,0,0,0,0,0,0,0,0,0,0,0,0,0,0,0,0,0,0,0,0,0,0,0,0,0,0,0,0,0,0,0,0,0,0,0,12.126467,0,0,0,0,0,0
48_SRF,2010-04-19T07:56,-9.3921,66.4228,5,[IO] Indian Ocean (MRGID:1904),[ISSG] Indian South Subtropical Gyre Province (MRGID:21472),29.818108,NaN,0.013870245,0,0.008117013,0.01,0.006999157,0.07475,0.08,2.22425,0.001209446,187.35,34.184183,21.176983,24.5376,33.13836288,0.000214772,3.777778,56.960341,36.077188,31.364512,33.879448,autumn,early,521.5773,0.000294,0.000392,0.002033,0.84,0.045076,0.028455,712,0,365,TT_EPI,0,2.356943,0,0,0,0,0,0,0,0,0,0,0,0,0,0,0,0,0,0,0,0,0,0,0,0,3.231388,0,0,0,0,0,0,0,0,0,0,0,0,0,19.77841,0,0,0,0,0,0
52_DCM,2010-05-17T11:42,-16.9534,53.9601,75,[IO] Indian Ocean (MRGID:1904),[ISSG] Indian South Subtropical Gyre Province (MRGID:21472),25.212642,NaN,0.01050256,0.532471,0.006946565,0.03,0.005936726,0.4675,0.18,2.824,0.001048266,194.81775,34.896833,23.203642,38.1381,39.10061264,0.000139624,2.138889,53.187127,1.076232,0.912765,1.023413,autumn,middle,412.5201,0.000352,0.000788,0.002434,1.180417,0.030475,0.056042,678,0,365,TT_EPI,0,3.235952,0,0,0,0,0,3.918415,0,0,0,0,0,0,0,0,0,0,0,0,0,0,0,0,0,0,8.346951,0,0,0,0,0,0,0,0,0,0,0,0,0,33.34474,0,0,0,0,0,0
52_SRF,2010-05-17T04:10,-16.957,53.9801,5,[IO] Indian Ocean (MRGID:1904),[ISSG] Indian South Subtropical Gyre Province (MRGID:21472),27.956483,NaN,0.01050256,0.532471,0.006946565,0,0.005936726,0,0.12,2.666,0.001048266,191.628083,34.54545,22.067625,28.749,39.59863281,0.000134891,2.138889,55.536084,30.189334,25.60393,28.707699,autumn,middle,409.6259,0.000327,0.000615,0.002258,0.977083,0.021469,0.047036,678,0,365,TT_EPI,0,5.354465,0,0,0,0,0,4.40946,0,0,0,0,0,0,0,0,0,0,0,5.993699,6.129394,0,4.845004,0,0,0,9.272402,0,0,0,0,0,0,0,0,0,0,0,0,0,13.299918,0,0,0,0,0,0
56_MES,2010-06-26T07:12:30,-15.3379,43.2948,1000,[IO] Indian Ocean (MRGID:1904),[EAFR] Eastern Africa Coastal Province (MRGID:21473),6.195775,NaN,0.011774442,NaN,0.010581372,NaN,0.005387648,NaN,NaN,NaN,0.001008999,88.88975,34.8293,27.4047,10.9825,43.84181976,0.0000953,1.25,34.840155,NaN,NaN,NaN,winter,early,102.9245,0.000248,0,0.00171,2.2275,-0.025633,0.000566,673,0,365,TT_MES,0,0,0,0,0,0,0,0,0,0,0,0,0,0,0,0,0,0,0,0,0,0,0,0,0,0,0,0,0,0,0,0,0,0,0,0,0,0,0,0,0,0,0,0,0,0,0
56_SRF,2010-06-26T07:05,-15.3424,43.2965,5,[IO] Indian Ocean (MRGID:1904),[EAFR] Eastern Africa Coastal Province (MRGID:21473),27.296125,NaN,0.011774442,2.149334,0.010581372,NaN,0.005387648,0,NaN,2.812112,0.001008999,193.165,35.0302,22.646025,10.9825,43.84181976,0.0000953,1.25,55.527713,23.244613,23.263685,22.910776,winter,early,102.9245,0.000324,0.000592,0.00224,0.90125,0.019512,0.04703,673,0,365,TT_EPI,0,2.952803,0,0,0,0,0,0,0,0,0,0,0,0,0,0,0,0,0,2.951317,0,0,4.378597,0,0,0,4.14615,0,0,0,0,0,0,0,0,0,0,0,0,0,14.280247,0,0,0,0,0,0
58_DCM,2010-06-29T15:00,-17.2855,42.2866,66,[IO] Indian Ocean (MRGID:1904),[EAFR] Eastern Africa Coastal Province (MRGID:21473),25.113925,NaN,0.011099947,0.820273,0.013670703,0.03,0.00756411,0.063072,0,2.513803,0.001000181,181.101938,35.162694,23.430525,21.7602,56.24668884,0.000147175,0,53.4409,0.115195,0.113908,0.113521,winter,early,176.4077,0.000375,0.000939,0.002588,1.135,0.042033,0.072356,666,0,365,TT_EPI,0,1.904172,0,0,0,0,0,0,0,0,0,0,0,0,0,0,0,0,3.45713,6.91188,6.163705,0,9.313253,0,0,0,6.860882,0,0,0,0,0,0,0,0,0,0,0,0,0,13.218924,0,0,0,0,0,0
62_SRF,2010-07-03T08:09,-22.3368,40.3412,5,[IO] Indian Ocean (MRGID:1904),[EAFR] Eastern Africa Coastal Province (MRGID:21473),NaN,NaN,0.012337432,NaN,0.033863571,NaN,0.017541743,NaN,NaN,NaN,0.000909214,NaN,NaN,NaN,20.3338,53.02372742,0.000111145,8.944444,NaN,NaN,NaN,NaN,winter,early,10.6591,NaN,NaN,NaN,NaN,NaN,NaN,648,0,365,TT_EPI,0,2.507953,0,0,0,0,0,0,0,0,0,0,0,0,0,0,0,0,5.533616,4.029572,4.46285,0,6.162182,0,0,0,4.632726,0,0,0,0,0,0,0,0,0,0,0,0,0,14.788928,0,0,0,0,0,0
64_DCM,2010-07-08T06:21,-29.5333,37.9117,65,[IO] Indian Ocean (MRGID:1904),[EAFR] Eastern Africa Coastal Province (MRGID:21473),22.215305,NaN,0.010198253,0,0.074760764,0,0.030657471,NaN,0.08,1.7355,0.00080341,207.9566,35.346195,24.424005,22.7117,64.79034424,0.000150197,0,50.653725,0.019126,0.018025,0.019324,winter,early,546.589,0.0004,0.001112,0.002766,1.06475,0.022442,0.057374,620,0,365,TT_EPI,0,1.947523,0,0,0,0,0,4.859665,0,0,0,0,0,0,0,0,0,0,3.785647,0,0,0,0,0,0,0,4.091112,0,0,0,0,0,0,0,0,0,0,0,0,0,37.808094,0,0,0,0,0,0
64_MES,2010-07-07T12:13:35,-29.5046,37.9599,1000,[IO] Indian Ocean (MRGID:1904),[EAFR] Eastern Africa Coastal Province (MRGID:21473),7.552017,NaN,0.010198253,NaN,0.074760764,0,0.030657471,NaN,1.12,NaN,0.00080341,190.888667,34.572658,27.0189,24.8736,64.70048141,0.000163628,0,35.845337,NaN,NaN,NaN,winter,early,547.7305,0.000257,0.000076,0.001775,1.5975,NaN,NaN,620,0,365,TT_MES,0,0,0,0,0,0,0,0,0,0,0,0,0,0,0,0,0,0,0,0,0,0,0,0,0,0,0,0,0,0,0,0,0,0,0,0,0,0,0,0,0,0,0,0,0,0,0
64_SRF,2010-07-07T04:48,-29.5019,37.9889,5,[IO] Indian Ocean (MRGID:1904),[EAFR] Eastern Africa Coastal Province (MRGID:21473),22.2414,NaN,0.010198253,0,0.074760764,0,0.030657471,0,0.08,1.7665,0.00080341,210.2395,35.32467,24.39702,21.9223,68.16622162,0.000153173,0,50.627338,13.575859,12.427008,13.273712,winter,early,550.5186,0.000418,0.001237,0.00289,1.057375,0.039262,0.074194,620,0,365,TT_EPI,0,0,0,0,0,0,0,3.562012,0,0,0,0,0,0,0,0,0,0,0,2.563809,0,0,0,0,0,0,2.277605,0,0,0,0,0,0,0,0,0,0,0,0,0,17.352509,0,0,0,0,0,0
65_DCM,2010-07-12T11:03:22,-35.2421,26.3048,30,[IO] Indian Ocean (MRGID:1904),[EAFR] Eastern Africa Coastal Province (MRGID:21473),21.72823,NaN,0.009926958,NaN,0.482149295,NaN,0.065700063,NaN,NaN,NaN,0.000760815,207.48285,35.451512,24.64465,14.9089,80.35794067,0.000164711,0,50.243733,0.043008,0.374568,0.433796,winter,early,91.3689,0.000427,0.001296,0.002951,1.20625,0.045474,0.076206,597,0,365,TT_EPI,0,1.965776,0,0,0,0,0,5.260618,0,0,0,0,0,0,0,0,0,0,3.458955,4.539035,4.536699,0,4.198418,0,0,0,4.235595,0,0,0,0,0,0,0,0,0,0,0,0,0,19.442383,0,0,0,0,0,0
65_SRF,2010-07-12T05:59,-35.1728,26.2868,5,[IO] Indian Ocean (MRGID:1904),[EAFR] Eastern Africa Coastal Province (MRGID:21473),21.76357,NaN,0.009926958,NaN,0.482149295,NaN,0.065700063,NaN,NaN,NaN,0.000760815,207.5812,35.449638,24.629613,19.1614,80.48958588,0.000166576,0,50.276728,0.86456,7.529698,8.72032,winter,early,85.2841,0.000412,0.001194,0.002849,1.197,0.048988,0.07972,597,0,365,TT_EPI,0,2.115482,0,0,0,0,0,3.76711,0,0,1.947207,0,0,0,0,0,0,0,3.164558,5.346651,5.317879,0,4.343993,0,0,0,4.663659,0,0,0,0,0,0,0,0,0,0,0,0,0,19.906368,0,0,0,0,0,0
66_DCM,2010-07-15T15:36:10,-34.8901,18.0459,30,[SAO] South Atlantic Ocean (MRGID:1914),[BENG] Benguela Current Coastal Province (MRGID:21470),15.014,NaN,0.019386057,2.739389,1.545722415,0.26,0.1846933,3.309875,0.37,2.5895,0.000311999,239.791063,35.32305,26.21755,23.3045,99.62840652,0.000233923,0,43.305703,0.350859,0.328858,0.319704,winter,early,70.2779,0.000419,0.001227,0.002897,1.2525,0.098145,0.130564,602,0,365,TT_EPI,0,0,0,0,0,0,0,8.483018,0,0,0,0,0,0,0,6.65695,0,0,0,0,0,0,0,0,0,0,0,0,0,0,0,0,0,0,0,0,0,0,0,5.172079,7.629039,0,0,0,0,0,0
66_SRF,2010-07-15T12:22,-34.9449,17.9189,5,[SAO] South Atlantic Ocean (MRGID:1914),[BENG] Benguela Current Coastal Province (MRGID:21470),15.013362,NaN,0.019386057,2.426286,1.545722415,0.3,0.1846933,3.34,0.34,2.7435,0.000311999,239.93725,35.3233,26.2141,32.4091,108.1238098,0.000263462,0,43.307084,9.435831,8.568735,8.313706,winter,early,79.9944,0.000419,0.001227,0.002897,1.258125,0.09772,0.130139,601,0,365,TT_EPI,0,0,0,0,0,0,0,9.884738,0,0,0,0,0,0,0,7.640336,0,0,0,0,0,0,0,0,0,0,1.519338,0,0,0,0,0,0,2.55717,0,0,0,0,0,5.917586,8.001554,0,0,5.8083935,0,0,0
67_SRF,2010-09-07T06:19,-32.2401,17.7103,5,[SAO] South Atlantic Ocean (MRGID:1914),[BENG] Benguela Current Coastal Province (MRGID:21470),13.04322,NaN,0.043375768,1.264607,0.098994337,0.171,0.060270548,NaN,1.016,NaN,0.000415882,252.63145,34.870735,26.28407,27.5271,673.5032654,NaN,1.111111,40.873929,0.068852,0.067876,0.066752,winter,late,81.2122,0.001177,0.00646,0.008134,4.093218,1.25192,1.197978,697,0,365,TT_EPI,0,0,2.461832,0,0,0,0,13.464788,0,9.116422,0,8.020252,0,14.104847,0,7.966403,0,0,0,0,0,0,0,0,8.284709,4.796914,0,0,0,0,0,0,0,0,0,0,0,0,8.776736,9.097768,0,0,0,21.061998,0,0,0
68_DCM,2010-09-14T13:30,-31.027,4.6802,50,[SAO] South Atlantic Ocean (MRGID:1914),[SATL] South Atlantic Gyral Province (MRGID:21459),16.74878,NaN,0.015807986,0.904785,0.129485512,0.285,0.06059745,1.08,0.227,2.436,0.00036828,231.9774,35.68407,26.101325,53.8288,69.40000153,0.000394,6.388889,45.448374,0.383273,0.351054,0.335478,winter,late,1113.2454,0.000385,0.000991,0.002659,2.011787,0.165229,0.105138,711,0,365,TT_EPI,0,2.108214,0,0,0,0,0,31.532814,0,0,0,0,0,0,0,6.477844,0,0,6.393642,0,0,0,0,0,0,0,0,0,0,0,0,0,0,3.552667,0,0,0,0,0,0,44.508575,0,0,0,0,0,0
68_MES,2010-09-13T13:02:33,-31.0198,4.6685,700,[SAO] South Atlantic Ocean (MRGID:1914),[SATL] South Atlantic Gyral Province (MRGID:21459),7.32145,NaN,0.015807986,24.232124,0.129485512,0.003,0.06059745,22.08,1.529,12.08,0.00036828,194.4342,34.50494,26.992205,56.2691,55.70494843,0.0000954,6.388889,35.44101,NaN,NaN,NaN,winter,late,1122.2759,0.000262,0.000109,0.001808,2.777603,0.060755,0.001008,710,0,365,TT_MES,0,0,0,0,0,0,0,0,0,0,0,0,0,0,0,0,0,0,0,0,0,0,0,0,0,0,0,0,0,0,0,0,0,0,0,0,0,0,0,0,0,0,0,0,0,0,0
68_SRF,2010-09-14T06:55,-31.0266,4.665,5,[SAO] South Atlantic Ocean (MRGID:1914),[SATL] South Atlantic Gyral Province (MRGID:21459),16.8632,NaN,0.015807986,1.103865,0.129485512,0.25,0.06059745,0.939,0.229,1.9865,0.00036828,234.4763,35.686585,26.07437,53.8288,69.40000153,0.000394,6.388889,45.547328,24.301431,22.258573,21.270967,winter,late,1113.2454,0.000403,0.001114,0.002782,1.951133,0.21692,0.156829,711,0,365,TT_EPI,0,0,0,0,0,0,0,13.165025,0,0,0,0,0,0,0,7.389548,0,0,0,0,0,0,0,0,0,0,0,0,0,0,0,0,0,0,0,0,0,0,0,0,19.069195,0,0,0,0,0,0
70_MES,2010-09-21T11:57:54,-20.4075,-3.1641,800,[SAO] South Atlantic Ocean (MRGID:1914),[SATL] South Atlantic Gyral Province (MRGID:21459),4.188237,NaN,0.015283077,36.675625,0.029039364,0.01,0.031308781,36.73,2.522,44.86,0.000787816,161.92525,34.446963,27.333325,52.3938,59.29802513,0.000233392,0,32.615103,NaN,NaN,NaN,winter,late,558.1525,0.000261,0.00008,0.0018,3.251941,0.054038,0.000399,725,0,365,TT_MES,0,0,0,0,0,0,0,0,0,0,0,0,0,0,0,0,0,0,0,0,0,0,0,0,0,0,0,0,0,0,0,0,0,0,0,0,0,0,0,0,0,0,0,0,0,0,0
70_SRF,2010-09-21T06:55,-20.4091,-3.1759,5,[SAO] South Atlantic Ocean (MRGID:1914),[SATL] South Atlantic Gyral Province (MRGID:21459),19.77001,NaN,0.015283077,1.763081,0.029039364,0.054,0.031308781,0.8015,0.364,1.1485,0.000787816,215.2007,36.35839,25.859525,30.7687,59.29802513,0.000233392,0,49.332061,22.209965,24.120134,24.32309,winter,late,1161.2626,0.000333,0.000634,0.002301,2.071928,0.117833,0.064322,725,0,365,TT_EPI,0,0,0,0,0,0,0,18.809326,0,0,0,0,0,0,0,7.318176,0,0,0,0,0,0,0,0,0,0,0,0,0,0,0,0,0,0,0,0,0,0,0,0,22.151009,0,0,0,0,0,0
72_DCM,2010-10-05T15:35,-8.7296,-17.9604,100,[SAO] South Atlantic Ocean (MRGID:1914),[SATL] South Atlantic Gyral Province (MRGID:21459),23.630095,NaN,0.011292624,1.049606,0.036490005,0.011,0.018234891,0.044,0.143,1.284,0.001262169,190.5966,36.588225,24.96531,19.3094,29.35335064,NaN,0,53.771013,0.032923,0.032105,0.032621,spring,early,395.5741,0.000383,0.000981,0.002644,2.171779,0.114563,0.063549,733,0,365,TT_EPI,0,0,0,0,0,0,0,16.38244,0,0,0,0,0,0,0,0,0,0,0,0,0,0,0,0,0,0,0,0,0,0,0,0,0,0,0,0,0,0,0,0,18.939285,0,0,0,0,0,0
72_MES,2010-10-06T07:58:54,-8.7986,-17.9034,800,[SAO] South Atlantic Ocean (MRGID:1914),[SATL] South Atlantic Gyral Province (MRGID:21459),4.641719,NaN,0.011292624,37.560305,0.036490005,0.007,0.018234891,36.98,2.618,34.44,0.001262169,143.273625,34.476312,27.30785,21.9764,32.02692795,NaN,0,33.042924,NaN,NaN,NaN,spring,early,396.7311,0.000262,0.00009,0.001807,3.226745,0.052401,0.001023,733,0,365,Outlier,0,0,0,0,0,0,0,9.68367,0,0,0,0,0,0,0,0,0,0,0,0,0,0,0,0,0,0,0,0,0,0,0,0,0,0,0,0,0,0,0,0,12.769445,0,0,0,0,0,0
72_SRF,2010-10-05T08:00,-8.7789,-17.9099,5,[SAO] South Atlantic Ocean (MRGID:1914),[SATL] South Atlantic Gyral Province (MRGID:21459),25.064425,NaN,0.011292624,0.416799,0.036490005,0.003,0.018234891,0.018,0.104,0.868,0.001262169,199.135,36.41678,24.393095,24.6699,32.02692795,NaN,0,55.046547,28.638751,31.419789,33.600196,spring,early,396.0494,0.000324,0.000577,0.002237,1.77348,0.094476,0.043816,733,0,365,TT_EPI,0,0,0,0,0,0,0,6.611552,0,0,0,0,0,0,0,0,0,0,0,0,0,0,0,0,0,0,0,0,0,0,0,0,0,0,0,0,0,0,0,0,17.129175,0,0,0,0,0,0
76_DCM,2010-10-16T16:58:37,-21.0292,-35.3498,150,[SAO] South Atlantic Ocean (MRGID:1914),[SATL] South Atlantic Gyral Province (MRGID:21459),21.16596,NaN,0.011959192,0.218613,0.013453111,0.015,0.013930039,0,0.038,0.712116,0.000776878,200.32465,36.61951,25.68731,14.9669,24.42359638,0.0000709,0,51.19025,0.045726,0.057104,0.053976,spring,early,30.3292,0.000296,0.000377,0.002043,1.931379,0.08178,0.028802,755,0,365,TT_EPI,0,1.348044,0,0,0,0,0,11.622905,0,0,0,0,0,0,0,0,0,0,0,0,0,0,0,0,0,0,0,0,0,0,0,0,0,0,0,0,0,0,0,0,21.204206,0,0,0,0,0,0
76_MES,2010-10-17T09:05:05,-20.9315,-35.1794,800,[SAO] South Atlantic Ocean (MRGID:1914),[SATL] South Atlantic Gyral Province (MRGID:21459),4.664275,NaN,0.011959192,33.940795,0.013453111,0.001,0.013930039,NaN,0.937,NaN,0.000776878,191.413187,34.369569,27.220344,14.2624,24.61178017,0.0000931,0,32.971177,NaN,NaN,NaN,spring,early,36.257,0.000273,0.000167,0.001883,2.821232,0.052299,0.001106,756,0,365,TT_MES,0,0,0,0,0,0,0,0,0,0,0,0,0,0,0,0,0,0,0,0,0,0,0,0,0,0,0,0,0,0,0,0,0,0,0,0,0,0,0,0,0,0,0,0,0,0,0
76_SRF,2010-10-16T09:55,-20.9354,-35.1803,5,[SAO] South Atlantic Ocean (MRGID:1914),[SATL] South Atlantic Gyral Province (MRGID:21459),23.374825,NaN,0.011959192,0.185971,0.013453111,0.001,0.013930039,0,0.056,0.814172,0.000776878,206.23185,37.076575,25.40018,15.618,24.61178017,0.0000931,0,54.081949,31.396196,38.551485,37.592301,spring,early,332.8446,0.000334,0.000639,0.002307,1.636802,0.103946,0.050968,755,0,365,TT_EPI,0,0,0,0,0,0,0,11.46674,0,0,0,0,0,0,0,0,0,0,0,0,0,0,0,0,0,0,0,0,0,0,0,0,0,0,0,0,0,0,0,0,22.534126,0,0,0,0,0,0
78_DCM,2010-11-04T18:16:53,-30.1484,-43.2705,120,[SAO] South Atlantic Ocean (MRGID:1914),[SATL] South Atlantic Gyral Province (MRGID:21459),19.32335,NaN,0.017718557,0.085111,0.001974124,0.053,0.012364627,0.104,0,0.319,0.000862562,216.6547,36.27746,25.920365,19.6634,38.96880722,0.000203361,5.777778,48.818052,0.038677,0.036721,0.032174,spring,middle,564.404,0.000346,0.000723,0.00239,1.943116,0.099535,0.051207,802,0,365,TT_EPI,0,0,0,0,0,0,0,13.876391,0,0,0,0,0,0,0,5.442661,0,0,0,2.852571,0,0,16.270285,0,0,0,0,0,0,0,0,0,3.433945,0,0,0,0,0,0,0,21.471333,0,0,0,0,0,0
78_MES,2010-11-05T12:33:27,-30.1471,-43.2915,800,[SAO] South Atlantic Ocean (MRGID:1914),[SATL] South Atlantic Gyral Province (MRGID:21459),5.823213,NaN,0.017718557,28.704078,0.001974124,0,0.012364627,NaN,1.946,NaN,0.000862562,215.95475,34.355,27.076125,20.5432,38.62805176,0.000196519,5.777778,33.993515,NaN,NaN,NaN,spring,middle,564.921,0.00026,0.000087,0.001794,2.597631,0.048309,0.001131,804,0,365,TT_MES,0,0,0,0,0,0,0,0,0,0,0,0,0,0,0,0,0,0,0,0,0,0,0,0,0,0,0,0,0,0,0,0,0,0,0,0,0,0,0,0,0,0,0,0,0,0,0
78_SRF,2010-11-04T10:24,-30.1367,-43.2899,5,[SAO] South Atlantic Ocean (MRGID:1914),[SATL] South Atlantic Gyral Province (MRGID:21459),20.07775,NaN,0.017718557,0.025333,0.001974124,0,0.012364627,0.026,0,0.749,0.000862562,221.13845,36.32553,25.754115,20.9027,39.00395393,0.000204804,5.777778,49.618166,41.250614,39.164551,34.314665,spring,middle,554.4294,0.000324,0.000574,0.00224,1.674628,0.09877,0.050442,802,0,365,TT_EPI,0,1.395828,0,0,0,0,0,11.286171,0,0,0,0,0,0,0,0,0,0,0,2.62353,0,0,13.429538,0,0,0,0,0,0,0,0,0,0,0,0,0,0,0,0,0,26.793463,0,0,0,0,0,0
82_DCM,2010-12-06T18:58,-47.2007,-57.9446,40,[SAO] South Atlantic Ocean (MRGID:1914),[FKLD] Southwest Atlantic Shelves Province (MRGID:21469),7.154875,NaN,0.125833504,18.047311,6.387227853,0.135,0.274188709,18.525,1.416,2.661,0.000290781,306.1555,34.05055,26.649733,58.0487,107.0161819,0.001290148,0,34.580048,NaN,0.330143,0.354379,spring,late,455.529,0.000938,0.004784,0.00648,2.133364,0.349895,0.304699,945,0,365,ANT,0,0,0,0,0,0,0,20.6287,0,0,0,0,0,0,0,0,0,0,0,0,0,0,0,0,0,0,0,0,0,0,0,0,0,0,0,0,0,0,0,28.96835,0,0,0,0,0,0,0
82_SRF,2010-12-06T10:33,-47.1863,-58.2902,5,[SAO] South Atlantic Ocean (MRGID:1914),[FKLD] Southwest Atlantic Shelves Province (MRGID:21469),7.579417,NaN,0.125833504,18.434187,6.387227853,0.151,0.274188709,18.005,1.301,1.945,0.000290781,303.147667,34.05025,26.589567,29.5811,130.0122757,0.0014031,0,34.948123,NaN,23.872945,26.733842,spring,late,835.6982,0.001001,0.005228,0.006921,2.128396,0.331011,0.285815,945,0,365,ANT,0,0,0,0,0,0,0,0,0,0,0,0,0,0,0,0,0,0,0,0,0,0,0,0,0,0,0,0,0,0,0,0,0,0,0,0,0,0,0,11.42783,0,0,0,0,0,0,0
84_SRF,2011-01-03T11:05,-60.2287,-60.6476,5,[SO] Southern Ocean (MRGID:1907),[ANTA] Antarctic Province (MRGID:21502),1.9034,NaN,0.096893812,24.903191,19.89227422,0.266,0.217055053,25.3,1.723,16.55,0.000008826,338.526,33.7198,26.9578,36.464,52.04622459,0.000287959,1.972222,29.627082,28.65183,30.369136,26.887788,spring,late,15.0017,0.000438,0.001295,0.003026,2.105012,0.191114,0.150365,1122,0,365,ANT,0,0,0,0,0,0,0,0,0,0,0,0,0,0,0,0,0,0,0,0,0,0,0,0,0,0,0,0,0,0,0,0,0,0,0,0,0,0,0,0,0,0,0,0,0,0,0
85_DCM,2011-01-06T19:34:21,-62.2231,-49.2139,90,[SO] Southern Ocean (MRGID:1907),[ANTA] Antarctic Province (MRGID:21502),-0.792395,NaN,0.007686064,32.911358,26.6249059,0.06,0.042774215,31,2.309,81.82,0.000451463,326.6803,34.36258,27.6286,49.5816,49.74488068,0.0000705,19.777778,27.929187,0.022572,0.028649,0.025751,summer,early,242.3684,0.000387,0.00091,0.00267,2.471241,0.139211,0.101069,1162,0,365,ANT,0,0,0,0,0,0,0,0,0,0,0,0,0,0,0,0,0,0,0,0,0,0,0,0,0,0,0,0,0,0,0,0,0,0,0,0,0,0,0,0,0,0,0,0,0,0,0
85_MES,2011-01-07T10:39:47,-61.9689,-49.5017,790,[SO] Southern Ocean (MRGID:1907),[ANTA] Antarctic Province (MRGID:21502),0.456763,NaN,0.007686064,38.920763,26.6249059,0.018,0.042774215,36.37,2.614,83.35,0.000451463,203.7715,34.6802,27.8267,60.7019,53.46252441,0.000178454,19.777778,29.517575,NaN,NaN,NaN,summer,early,245.2218,0.000254,0,0.001752,3.420786,0.036012,0,1152,0,365,Outlier,0,0,0,0,0,0,0,0,0,0,0,0,0,0,0,0,0,0,0,0,0,0,0,0,0,0,0,0,0,0,0,0,0,0,0,0,0,0,0,0,0,0,0,0,0,0,0
85_SRF,2011-01-06T10:38,-62.0385,-49.529,5,[SO] Southern Ocean (MRGID:1907),[ANTA] Antarctic Province (MRGID:21502),0.73159,NaN,0.007686064,29.73383,26.6249059,0.107,0.042774215,28.64,2.111,80.55,0.000451463,344.81235,34.327465,27.52175,45.3945,46.93349075,0.000149059,19.777778,29.154612,10.772055,19.895946,18.179195,summer,early,200.5774,0.000419,0.00115,0.002896,2.220386,0.232572,0.194431,1157,0,365,ANT,0,0,0,0,0,0,0,0,0,0,0,0,0,0,0,0,0,0,0,0,0,0,0,0,0,0,0,0,0,0,0,0,0,0,0,0,0,0,0,0,0,0,0,0,0,0,0
